intent_내_요금제_문의	가입되어 있는 요금 상품 뭔지 알아 보려면?		
intent_내_요금제_문의	가입되어 있는 요금 플랜 뭔지 알고 싶어요		
intent_내_요금제_문의	가입되어 있는 요금 플랜 알려면?		
intent_내_요금제_문의	가입되어 있는 요금제 알고싶어요.		
intent_내_요금제_문의	가입되어 있는 요금제 어떤 건가요?		
intent_내_요금제_문의	나 가입된 요금제 뭔지 아니?		
intent_내_요금제_문의	나 가입한 요금제가 뭐였지?		
intent_내_요금제_문의	나 요금제 뭐 쓰고 있는지 궁금해		
intent_내_요금제_문의	나 요금제 뭐 쓰고 있는지 궁금해		
intent_내_요금제_문의	나 요금제 뭐로 가입했더라?		
intent_내_요금제_문의	나 요금제 쓰고 있는 거 어떤 거야?		
intent_내_요금제_문의	나 요금제 쓰는 게 뭔지 알고 싶어		
intent_내_요금제_문의	나 지금 가입된 요금제 무엇인지 보여줘		
intent_내_요금제_문의	나 지금 무슨 요금제 쓰고 있는 거야?		
intent_내_요금제_문의	나 지금 사용하는 요금제 뭐야?		
intent_내_요금제_문의	나 지금 쓰고 있는 요금제 뭐야?		
intent_내_요금제_문의	나 지금 쓰는 요금제가 뭐야?		
intent_내_요금제_문의	나 지금 어떤 요금제 사용하고 있어?		
intent_내_요금제_문의	나 지금 요금제 뭐 쓰고 있는 건지 알아?		
intent_내_요금제_문의	나 지금 요금제 뭐 쓰고 있어?		
intent_내_요금제_문의	나 현재 가입된 요금제 뭔지 알려줄래?		
intent_내_요금제_문의	나의 요금 상품 보기		
intent_내_요금제_문의	나의 요금 상품 좀 볼게요		
intent_내_요금제_문의	나의 요금 상품 확인하기		
intent_내_요금제_문의	나의 요금 상품 확인하는 방법		
intent_내_요금제_문의	나의 요금 상품이 뭐죠?		
intent_내_요금제_문의	나의 요금 플랜 조회하기		
intent_내_요금제_문의	나의 요금제 확인하기		
intent_내_요금제_문의	내 T 요금제 확인하는 방법 좀 알려주세요		
intent_내_요금제_문의	내 사용 중 요금제 보기		
intent_내_요금제_문의	내 요금 상품이 뭔가요?		
intent_내_요금제_문의	내 요금 플랜 뭔지 알려줘		
intent_내_요금제_문의	내 요금제 가입 정보 문의		
intent_내_요금제_문의	내 요금제 가입 현황 보기		
intent_내_요금제_문의	내 요금제 무엇인지 알려줘		
intent_내_요금제_문의	내 요금제 뭔지 궁금한데 알려줄 수 있니?		
intent_내_요금제_문의	내 요금제 뭔지 보고 싶어		
intent_내_요금제_문의	내 요금제 뭔지 알아보는 법?		
intent_내_요금제_문의	내 요금제 뭔지 어떻게 알아봐?		
intent_내_요금제_문의	내 요금제 뭔지 좀 알려줘		
intent_내_요금제_문의	내 요금제 뭔지 확인 좀 부탁해		
intent_내_요금제_문의	내 요금제 보기		
intent_내_요금제_문의	내 요금제 어떤 건지 보려면?		
intent_내_요금제_문의	내 요금제 어떤 건지 알아보는 방법 없나요?		
intent_내_요금제_문의	내 요금제 정보 보기		
intent_내_요금제_문의	내 요금제 정보 조회하기		
intent_내_요금제_문의	내 요금제 정보 확인 좀		
intent_내_요금제_문의	내 요금제 조회		
intent_내_요금제_문의	내 요금제 지금 뭘로 되어 있어?		
intent_내_요금제_문의	내 요금제 지금 확인 가능할까?		
intent_내_요금제_문의	내 요금제 확인		
intent_내_요금제_문의	내 요금제 확인 어떻게 하나요?		
intent_내_요금제_문의	내 요금제 확인법 좀		
intent_내_요금제_문의	내 요금제 확인하기		
intent_내_요금제_문의	내 요금제 확인할려면?		
intent_내_요금제_문의	내 요금제에 대해 알려줘		
intent_내_요금제_문의	내 지금 요금제 뭐야?		
intent_내_요금제_문의	내 지금 요금제 뭔지 보기		
intent_내_요금제_문의	내 현재 요금제 뭐니		
intent_내_요금제_문의	내 현재 요금제 뭘로 되어 있니?		
intent_내_요금제_문의	내 현재 요금제 어디서 봐?		
intent_내_요금제_문의	내 현재 요금제 정보		
intent_내_요금제_문의	내 현재 요금제 정보 좀 보려고		
intent_내_요금제_문의	내 현재 요금제 조회하기		
intent_내_요금제_문의	내 현재 요금제가 뭘까?		
intent_내_요금제_문의	내가 가입된 요금제 정보		
intent_내_요금제_문의	내가 가입한 요금제가 뭐였지		
intent_내_요금제_문의	내가 가입한 요금제가 어떤 거더라		
intent_내_요금제_문의	내가 사용 중인 요금 상품 뭔지 알려줘		
intent_내_요금제_문의	내가 사용 중인 요금제 이름이 뭐야?		
intent_내_요금제_문의	내가 사용 중인 요금제는?		
intent_내_요금제_문의	내가 사용 중인 현재 요금제 뭐야?		
intent_내_요금제_문의	내가 사용하고 있는 요금제 관련 내용 알려줘		
intent_내_요금제_문의	내가 사용하고 있는 요금제가 뭐지?		
intent_내_요금제_문의	내가 사용하고 있는 요금제가 어떤 것인지 확인하기		
intent_내_요금제_문의	내가 사용하는 요금 플랜 뭐야?		
intent_내_요금제_문의	내가 사용하는 요금제 확인하는 법		
intent_내_요금제_문의	내가 쓰고 있는 요금제 뭐지		
intent_내_요금제_문의	내가 쓰고 있는 요금제 이름 뭐야?		
intent_내_요금제_문의	내가 쓰고 있는 요금제 혜택이 뭐가 있지?		
intent_내_요금제_문의	내가 쓰는 요금 상품 좀 알고 싶은데		
intent_내_요금제_문의	내가 쓰는 요금 플랜 확인하기		
intent_내_요금제_문의	내가 쓰는 요금제 뭔지 알려줄래?		
intent_내_요금제_문의	내가 쓰는 요금제 뭔지 확인하기		
intent_내_요금제_문의	내가 쓰는 요금제 어떤 건지 알려줘		
intent_내_요금제_문의	내가 쓰는 요금제 정보 보기		
intent_내_요금제_문의	내가 쓰는 요금제 확인 방법		
intent_내_요금제_문의	내가 쓰는 요금제가 뭔지 아니?		
intent_내_요금제_문의	내가 쓰는 요금제는 뭘까?		
intent_내_요금제_문의	내가 쓰는 요금제 관련 정보 좀		
intent_내_요금제_문의	내가 쓰는 현재 요금제 뭐지?		
intent_내_요금제_문의	내가 쓰는 현재 요금제 뭔지 알려줄래?		
intent_내_요금제_문의	내가 어떤 요금상품 사용중인지 말해주세요.		
intent_내_요금제_문의	내가 이용하고 있는 요금제 문의		
intent_내_요금제_문의	내가 지금 사용하는 요금제 어떤 거야?		
intent_내_요금제_문의	내가 지금 쓰는 요금제 뭐야?		
intent_내_요금제_문의	내가 현재 쓰는 요금제 어떤 건지 알려줄래?		
intent_내_요금제_문의	내가 지금 쓰고 있는 요금제가 뭔지 알려줄래?		
intent_내_요금제_문의	내가 쓰고 있는 요금제가 뭐지		
intent_내_요금제_문의	무슨 요금 상품 쓰는 중인지 알아보는 법		
intent_내_요금제_문의	무슨 요금제 사용 중인지 어디서 알아봐요?		
intent_내_요금제_문의	무슨 요금제 사용 중인지 어떻게 아나요?		
intent_내_요금제_문의	무슨 요금제 쓰는 중인지 확인하는 방법		
intent_내_요금제_문의	사용 요금제는 어디서 확인해야 하나요?		
intent_내_요금제_문의	사용 중인 요금 상품 정보 보기		
intent_내_요금제_문의	사용 중인 요금제 확인 어떻게 하는 거예요?		
intent_내_요금제_문의	사용 중인 요금제 확인하는 것 관련한 문의입니다		
intent_내_요금제_문의	쓰고 있는 요금제 확인할 수 있는 방법이 있을까요?		
intent_내_요금제_문의	어디에서 현재 요금제 조회 가능해?		
intent_내_요금제_문의	어떤 요금 플랜 지금 쓰는 중인지 보여줘		
intent_내_요금제_문의	어떤 요금제 가입되어있는지 확인		
intent_내_요금제_문의	어떤 요금제 사용 중인 건지 알고 싶은데요		
intent_내_요금제_문의	어떤 요금제 사용 중인지 조회하기		
intent_내_요금제_문의	어떤 요금제를 쓰고 있는지 어떻게 알아보나요?		
intent_내_요금제_문의	요금제 가입현황 알려주세요.		
intent_내_요금제_문의	요금제 뭐 쓰고 있는지는 어떻게 확인하죠?		
intent_내_요금제_문의	요금제 어떤 거 쓰는지 확인하는 법		
intent_내_요금제_문의	요금제 확인 방법 질문이요		
intent_내_요금제_문의	요금제 확인 어떻게 해야 하는지 알려주세요		
intent_내_요금제_문의	저 무슨 요금제 사용 중인가요?		
intent_내_요금제_문의	저 어떤 요금제 쓰는지 알려주세요		
intent_내_요금제_문의	저 요금제 어떤거 쓰고 있나요?		
intent_내_요금제_문의	저 지금 쓰고 있는 요금제 뭐죠?		
intent_내_요금제_문의	저 지금 쓰는 요금 플랜 뭔가요?		
intent_내_요금제_문의	저 지금 요금 플랜 뭔지 봐주세요		
intent_내_요금제_문의	저 현재 사용 중인 요금제 확인할래요		
intent_내_요금제_문의	제 요금 상품이 뭔지 궁금해요		
intent_내_요금제_문의	제 요금제 뭔지 궁금해서요		
intent_내_요금제_문의	제 요금제 뭔지 보고 싶어요		
intent_내_요금제_문의	제 요금제 뭔지 알려주세요		
intent_내_요금제_문의	제 요금제 뭔지 확인 부탁해요		
intent_내_요금제_문의	제 요금제 어디서 확인하나요?		
intent_내_요금제_문의	제 요금제 어떤 건지 궁금합니다		
intent_내_요금제_문의	제 요금제 어떤 건지 확인 좀 부탁드려요		
intent_내_요금제_문의	제 요금제 어떻게 확인하나요?		
intent_내_요금제_문의	제 요금제 이름 좀 알려주세요		
intent_내_요금제_문의	제 요금제 확인 가능할까요?		
intent_내_요금제_문의	제 요금제 확인 좀 해주세요		
intent_내_요금제_문의	제 요금제 확인하는 것 관련 질문이요		
intent_내_요금제_문의	제 현재 요금제가 뭔지 몰라서요		
intent_내_요금제_문의	제가 가입된 요금제 정보 좀 보여주세요		
intent_내_요금제_문의	제가 가입된 요금플랜이 뭔가요?		
intent_내_요금제_문의	제가 무슨 요금제를 쓰는지 어떻게 알아 보나요?		
intent_내_요금제_문의	제가 사용하는 요금제가 뭔지 몰라서 문의드려요		
intent_내_요금제_문의	제가 쓰고 있는 요금제가 뭔지 모르겠어요		
intent_내_요금제_문의	제가 쓰고 있는 요금제가 뭔지 알려 주세요		
intent_내_요금제_문의	제가 쓰는 요금 상품이 뭘까요?		
intent_내_요금제_문의	제가 쓰는 요금 플랜 어떤 건가요?		
intent_내_요금제_문의	제가 쓰는 요금제 무슨 요금제인가요?		
intent_내_요금제_문의	제가 쓰는 요금제 뭔지 확인 어떻게 해요?		
intent_내_요금제_문의	제가 쓰는 요금제 확인 방법이 어떻게 되나요?		
intent_내_요금제_문의	제가 어떤 요금제를 사용하는지 어떻게 아나요?		
intent_내_요금제_문의	제가 이용하고 있는 요금제 정보 알려주세요		
intent_내_요금제_문의	제가 이용하는 요금 상품 뭔가요?		
intent_내_요금제_문의	제가 지금 무슨 요금제 쓰는지 알고 싶어요		
intent_내_요금제_문의	제가 지금 무슨 요금제를 사용하고 있나요?		
intent_내_요금제_문의	제가 지금 쓰는 요금제 뭔가요?		
intent_내_요금제_문의	지금 내가 쓰는 요금제 좀 알려주겠니?		
intent_내_요금제_문의	지금 사용 중인 요금제 어떤 건지 좀 알려줘		
intent_내_요금제_문의	지금 사용 중인 요금제 확인 부탁합니다		
intent_내_요금제_문의	지금 사용 중인 요금제 확인 좀 부탁해요		
intent_내_요금제_문의	지금 사용 중인 요금제 문의할게요		
intent_내_요금제_문의	지금 쓰고 있는 요금 플랜이 뭔지 알려줘		
intent_내_요금제_문의	지금 쓰고 있는 요금제가 뭔가요?		
intent_내_요금제_문의	지금 쓰는 T 요금제 뭔지 알려주세요		
intent_내_요금제_문의	지금 쓰는 요금제 뭔지 알려줄래?		
intent_내_요금제_문의	지금 쓰는 요금제 확인 좀요		
intent_내_요금제_문의	지금 요금제 뭐 쓰는 중인지 알 수 있나요?		
intent_내_요금제_문의	지금 요금제 뭔지 확인 부탁합니다		
intent_내_요금제_문의	지금 요금제 쓰는 거 뭔가요?		
intent_내_요금제_문의	지금 제 요금제 뭔가요?		
intent_내_요금제_문의	지금 제가 가입된 요금제가 뭔가요?		
intent_내_요금제_문의	지금 제가 사용 중인 요금제 뭔지 알고 싶어서요		
intent_내_요금제_문의	지금 제가 사용하는 요금제가 뭔가요?		
intent_내_요금제_문의	현 사용 중 요금제 뭔지 알고 싶어		
intent_내_요금제_문의	현 이용 중인 요금상품 알아보기		
intent_내_요금제_문의	현재 가입돼 있는 요금제 뭐야?		
intent_내_요금제_문의	현재 가입되어 있는 요금제 뭔지 알려주세요		
intent_내_요금제_문의	현재 가입되어 있는 요금제 어떤 건가요?		
intent_내_요금제_문의	현재 가입된 요금제 뭐죠?		
intent_내_요금제_문의	현재 가입된 요금제 뭔지 알려주세요		
intent_내_요금제_문의	현재 가입된 요금제 뭔지 알아?		
intent_내_요금제_문의	현재 가입된 요금제 조회하기		
intent_내_요금제_문의	현재 가입된 요금제 확인		
intent_내_요금제_문의	현재 가입된 요금제가 궁금해요		
intent_내_요금제_문의	현재 가입된 요금플랜 이름이 뭐야?		
intent_내_요금제_문의	현재 내 요금제 문의		
intent_내_요금제_문의	현재 내 요금제 뭔지 알려줘		
intent_내_요금제_문의	현재 내가 사용하는 요금제		
intent_내_요금제_문의	현재 내가 쓰는 요금제 뭐야?		
intent_내_요금제_문의	현재 사용 요금제 확인하는 방법		
intent_내_요금제_문의	현재 사용 중인 요금제 문의합니다		
intent_내_요금제_문의	현재 사용 중인 요금제 어떻게 확인해 보나요?		
intent_내_요금제_문의	현재 사용 중인 요금제 어떻게 확인해보나요?		
intent_내_요금제_문의	현재 사용 중인 요금제 이름 좀 알려줘		
intent_내_요금제_문의	현재 사용 중인 요금제 정보 좀		
intent_내_요금제_문의	현재 사용중인 요금제 정보		
intent_내_요금제_문의	현재 사용중인 요금제에 대해 알고 싶어		
intent_내_요금제_문의	현재 사용하고 있는 요금제 확인 방법		
intent_내_요금제_문의	현재 사용하는 요금제 보는 방법		
intent_내_요금제_문의	현재 쓰고 있는 요금제 뭔지 좀 확인해줘		
intent_내_요금제_문의	현재 쓰고 있는 요금제 확인 방법 좀 알려주세요		
intent_내_요금제_문의	현재 요금제 뭐 쓰고 있는지 봐 주세요		
intent_내_요금제_문의	현재 요금제 어떤게 가입되어있는지 확인해주세요.		
intent_내_요금제_문의	현재 요금제 좀 알고 싶어서 문의드렸습니다		
intent_내_요금제_문의	현재 요금제 확인 방법 좀요		
intent_내_요금제_문의	현재 요금제가 뭔지 몰라서 문의드렸어요		
intent_내_요금제_문의	현재 이용 중 요금제 뭔지 알려주세요		
intent_내_요금제_문의	현재 이용 중인 요금제 어떻게 확인하나요?		
intent_내_요금제_문의	현재 이용 중인 요금제 정보 보여줘		
intent_내_요금제_문의	현재 제 요금 플랜 무엇인가요?		
intent_내_요금제_문의	현재 제가 쓰는 요금제 뭐예요?		
intent_내_요금제_문의	현제 제 요금 상품 어떤 건지 좀 알려주세요		
intent_요금제_추천_문의	괜찮은 요금제 가르쳐주세요		
intent_요금제_추천_문의	괜찮은 요금제 가르쳐줘		
intent_요금제_추천_문의	괜찮은 요금제 가르쳐줘요		
intent_요금제_추천_문의	괜찮은 요금제 몇 개 추천 부탁해		
intent_요금제_추천_문의	괜찮은 요금제 뭐 있어?		
intent_요금제_추천_문의	괜찮은 요금제로 추천해주세요		
intent_요금제_추천_문의	나에게 맞는 요금제		
intent_요금제_추천_문의	나에게 맞는 요금제 뭐 있어		
intent_요금제_추천_문의	나에게 맞는 요금제 뭐 있을까		
intent_요금제_추천_문의	나에게 맞는 요금제 뭐가 있으려나		
intent_요금제_추천_문의	나에게 맞는 요금제 뭐가 있을까		
intent_요금제_추천_문의	나에게 맞는 요금제가 뭘까		
intent_요금제_추천_문의	나에게 맞는 요금제가 어떤 걸까		
intent_요금제_추천_문의	나하고 맞는 요금제 찾아봐		
intent_요금제_추천_문의	나하고 맞는 요금제 찾아줘		
intent_요금제_추천_문의	나하고 맞는 요금제 추천해줘		
intent_요금제_추천_문의	나하고 맞는 요금제는 어떤 게 있냐		
intent_요금제_추천_문의	나하고 맞는 요금제는 어떤 게 있니		
intent_요금제_추천_문의	나하고 맞는 요금제는 어떤 게 있으려나		
intent_요금제_추천_문의	나하고 맞는 요금제는 어떤 게 있을까		
intent_요금제_추천_문의	나한테 괜찮은 요금제 뭐 있나 확인 해볼래		
intent_요금제_추천_문의	나한테 괜찮은 요금제 뭐가 있나 보여줘		
intent_요금제_추천_문의	나한테 괜찮은 요금제 보여줘		
intent_요금제_추천_문의	나한테 괜찮은 요금제 좀 보자		
intent_요금제_추천_문의	나한테 괜찮은 요금제 좀 볼 수 있니?		
intent_요금제_추천_문의	나한테 맞는 요금제 추천		
intent_요금제_추천_문의	나한테 맞는 요금제 추천 한 번 부탁할게		
intent_요금제_추천_문의	나한테 맞는 요금제 추천 한 번 부탁해		
intent_요금제_추천_문의	나한테 맞는 요금제 추천 한 번 해줄래?		
intent_요금제_추천_문의	나한테 맞는 요금제 추천 한 번 해줘		
intent_요금제_추천_문의	나한테 맞는 요금제 추천해볼래?		
intent_요금제_추천_문의	나한테 맞는 요금제 추천해봐		
intent_요금제_추천_문의	나한테 맞는 요금제 추천해줘		
intent_요금제_추천_문의	나한테 맞는 요금제 추천해줘 봐		
intent_요금제_추천_문의	나한테 맞는 요금제 추천해줘 봐봐		
intent_요금제_추천_문의	나한테 알맞은 요금제 좀 찾아주면 좋겠는데		
intent_요금제_추천_문의	나한테 알맞은 요금제 찾고 있는데 추천 좀		
intent_요금제_추천_문의	나한테 알맞은 요금제 찾고 있는데 추천 해줄 수 있니		
intent_요금제_추천_문의	나한테 알맞은 요금제 찾아보려고 하니까 추천 좀 해줘		
intent_요금제_추천_문의	나한테 알맞은 요금제 찾아주라		
intent_요금제_추천_문의	나한테 알맞은 요금제 찾아줄 수 있니		
intent_요금제_추천_문의	나한테 알맞은 요금제를 찾고 있어		
intent_요금제_추천_문의	나한테 적합한 요금제 몇 개 띄워줘봐		
intent_요금제_추천_문의	나한테 적합한 요금제 몇 개 보여줘		
intent_요금제_추천_문의	나한테 적합한 요금제 몇 개 알려줘		
intent_요금제_추천_문의	나한테 적합한 요금제 뭐가 있나 알려줘봐		
intent_요금제_추천_문의	나한테 적합한 요금제 알려줄래		
intent_요금제_추천_문의	나한테 적합한 요금제 추천		
intent_요금제_추천_문의	나한테 적합한 요금제 추천해주기		
intent_요금제_추천_문의	내 사용 패턴하고 맞는 요금제는 뭐가 있을까요? 		
intent_요금제_추천_문의	내 사용패턴에 맞는 요금제		
intent_요금제_추천_문의	내 사용패턴에 맞는 요금제 몇 개 추천해봐		
intent_요금제_추천_문의	내 사용패턴에 맞는 요금제 찾기		
intent_요금제_추천_문의	내 사용패턴에 맞는 요금제 찾아줘라		
intent_요금제_추천_문의	내 사용패턴에 맞는 요금제 추천		
intent_요금제_추천_문의	내 사용패턴에 맞는 요금제 추천해		
intent_요금제_추천_문의	내 사용패턴에 맞는 요금제 추천해줘		
intent_요금제_추천_문의	내 사용패턴하고 맞는 요금제 찾아서 추천 좀		
intent_요금제_추천_문의	내 사용패턴하고 맞는 요금제가 무슨 요금제인지 추천해봐		
intent_요금제_추천_문의	내 사용패턴하고 맞는 요금제는 뭐야?		
intent_요금제_추천_문의	내 사용패턴하고 맞는 요금제는 어떤 거야?		
intent_요금제_추천_문의	내 사용패턴하고 맞는 요금제는 어떤 요금제인지 보여줘		
intent_요금제_추천_문의	내 사용패턴하고 맞는 요금제를 찾고 있어		
intent_요금제_추천_문의	내가 쓸 만한 요금제 추천		
intent_요금제_추천_문의	내가 쓸 만한 요금제 추천해주는 게 가능하려나?		
intent_요금제_추천_문의	내가 쓸 만한 요금제 추천해줄 수 있니?		
intent_요금제_추천_문의	내가 쓸 만한 요금제로 추천 부탁할게		
intent_요금제_추천_문의	내가 쓸 만한 요금제로 추천해줄 수 있니		
intent_요금제_추천_문의	새로 나온 요금제 중에서 괜찮은 거		
intent_요금제_추천_문의	새로 나온 요금제 중에서 괜찮은 거 뭐 있어?		
intent_요금제_추천_문의	새로 나온 요금제 중에서 괜찮은 거 추천해볼래?		
intent_요금제_추천_문의	새로 나온 요금제 중에서 괜찮은 거 추천해줄 수 있어		
intent_요금제_추천_문의	새로 나온 요금제 중에서 내가 쓸 만한 거		
intent_요금제_추천_문의	새로 나온 요금제 중에서 내가 쓸 만한 거 추천 부탁한다		
intent_요금제_추천_문의	새로 나온 요금제 중에서 내가 쓸 만한 거로 추천		
intent_요금제_추천_문의	새로 나온 요금제 중에서 내가 쓸 만한 거로 추천해줘		
intent_요금제_추천_문의	새로 나온 요금제 중에서 내가 쓸 만한 요금제 뭐 있니		
intent_요금제_추천_문의	새로 출시된 요금제 추천		
intent_요금제_추천_문의	새로 출시된 요금제 추천 부탁해요		
intent_요금제_추천_문의	새로 출시된 요금제 추천하는 것도 가능해?		
intent_요금제_추천_문의	새로 출시된 요금제도 추천해줄 수 있어?		
intent_요금제_추천_문의	새로 출시된 요금제로 추천 부탁해		
intent_요금제_추천_문의	새로 출시된 요금제로 추천 좀 해줘요		
intent_요금제_추천_문의	새로운 요금제 추천 받고 싶은데 어떻게 해		
intent_요금제_추천_문의	새로운 요금제 추천받고 싶어		
intent_요금제_추천_문의	새로운 요금제 추천받고 싶어요		
intent_요금제_추천_문의	새로운 요금제 추천해주라		
intent_요금제_추천_문의	새로운 요금제 추천해줄 수 있을까?		
intent_요금제_추천_문의	새로운 요금제로 추천받고 싶은데		
intent_요금제_추천_문의	새로운 요금제로 추천받을 수 있을까?		
intent_요금제_추천_문의	쓰기 좋은 요금제 소개		
intent_요금제_추천_문의	쓰기 좋은 요금제 소개 부탁해요		
intent_요금제_추천_문의	쓰기 좋은 요금제 소개도 해주나요?		
intent_요금제_추천_문의	쓰기 좋은 요금제 소개해줄 수 있니?		
intent_요금제_추천_문의	쓰기 좋은 요금제 소개해줄래?		
intent_요금제_추천_문의	쓰기 좋은 요금제 소개해줘		
intent_요금제_추천_문의	쓸 만한 요금제 뭐 있는지 아냐		
intent_요금제_추천_문의	쓸 만한 요금제 뭐 있는지 알아?		
intent_요금제_추천_문의	쓸 만한 요금제 뭐 있어?		
intent_요금제_추천_문의	쓸 만한 요금제 뭐 있어요?		
intent_요금제_추천_문의	쓸 만한 요금제 뭐 있을까?		
intent_요금제_추천_문의	아무 요금제 추천		
intent_요금제_추천_문의	아무 요금제 추천해봐		
intent_요금제_추천_문의	아무 요금제 추천해줘		
intent_요금제_추천_문의	아무 요금제나 추천 한 번 해봐		
intent_요금제_추천_문의	아무 요금제나 추천해볼래?		
intent_요금제_추천_문의	아무 요금제나 추천해줘봐		
intent_요금제_추천_문의	요금제 나에게 맞는 거로 추천		
intent_요금제_추천_문의	요금제 나에게 맞는 거로 추천해볼래?		
intent_요금제_추천_문의	요금제 나에게 맞는 거로 추천해봐		
intent_요금제_추천_문의	요금제 나에게 맞는 거로 추천해주면 좋겠는데		
intent_요금제_추천_문의	요금제 나하고 맞는 거로 추천받고 싶어		
intent_요금제_추천_문의	요금제 나하고 맞는 거로 추천받고 싶어요		
intent_요금제_추천_문의	요금제 나하고 맞는 거로 추천받고 싶은데		
intent_요금제_추천_문의	요금제 나하고 맞는 거로 추천받고 싶은데 가능해요?		
intent_요금제_추천_문의	요금제 나한테 괜찮은 거 뭐 있냐		
intent_요금제_추천_문의	요금제 나한테 괜찮은 거 뭐 있는지 알아봐 줘		
intent_요금제_추천_문의	요금제 나한테 괜찮은 거 뭐 있어?		
intent_요금제_추천_문의	요금제 나한테 괜찮은 거 뭐 있을까		
intent_요금제_추천_문의	요금제 나한테 맞는 거 몇 개 추천		
intent_요금제_추천_문의	요금제 나한테 맞는 거 몇 개 추천해 봐		
intent_요금제_추천_문의	요금제 나한테 맞는 거 몇 개 추천해서 보여줘		
intent_요금제_추천_문의	요금제 나한테 맞는 거 몇 개 추천해줄 수 있지?		
intent_요금제_추천_문의	요금제 나한테 맞는 거 추천		
intent_요금제_추천_문의	요금제 나한테 맞는 거 추천 부탁해요		
intent_요금제_추천_문의	요금제 나한테 맞는 거 추천 해줄 수 있나요?		
intent_요금제_추천_문의	요금제 나한테 맞는 거 추천해줘		
intent_요금제_추천_문의	요금제 나한테 알맞은 거로 추천해주는 거 되나요?		
intent_요금제_추천_문의	요금제 나한테 알맞은 거로 추천해주는 거 되려나		
intent_요금제_추천_문의	요금제 나한테 알맞은 거로 추천해주는 거 되요?		
intent_요금제_추천_문의	요금제 나한테 알맞은 거로 추천해주는 거 될까?		
intent_요금제_추천_문의	요금제 나한테 적합한 거 어떤 게 있는지 보여줘		
intent_요금제_추천_문의	요금제 나한테 적합한 거 어떤 게 있는지 보자		
intent_요금제_추천_문의	요금제 나한테 적합한 거 어떤 게 있으려나		
intent_요금제_추천_문의	요금제 나한테 적합한 거 어떤 게 있을까?		
intent_요금제_추천_문의	요금제 아무거나 추천해봐		
intent_요금제_추천_문의	요금제 아무거나 추천해줘요		
intent_요금제_추천_문의	요금제 아무거나 한 번 추천해봐		
intent_요금제_추천_문의	요금제 저하고 맞는 거로 추천해주세요		
intent_요금제_추천_문의	요금제 중에 내 사용패턴에 맞는 거 추천		
intent_요금제_추천_문의	요금제 중에 내 사용패턴에 맞는 거로 소개 좀 해줘		
intent_요금제_추천_문의	요금제 중에 내 사용패턴에 맞는 거로 추천받고 싶어		
intent_요금제_추천_문의	요금제 중에 내 사용패턴에 맞는 거로 추천받고 싶은데		
intent_요금제_추천_문의	요금제 중에 내 사용패턴에 적합한 거 추천		
intent_요금제_추천_문의	요금제 중에 내 사용패턴에 적합한 거 추천해줄 수 있냐		
intent_요금제_추천_문의	요금제 중에 내 사용패턴에 적합한 거 추천해줄 수 있니		
intent_요금제_추천_문의	요금제 중에 내 사용패턴에 적합한 거 추천해줄 수 있어?		
intent_요금제_추천_문의	요금제 중에 내 사용패턴에 적합한 거 추천해줄 수 있으려나		
intent_요금제_추천_문의	요금제 추천		
intent_요금제_추천_문의	요금제 추천 가능해?		
intent_요금제_추천_문의	요금제 추천 부탁할게		
intent_요금제_추천_문의	요금제 추천 부탁해		
intent_요금제_추천_문의	요금제 추천 부탁해요		
intent_요금제_추천_문의	요금제 추천 좀		
intent_요금제_추천_문의	요금제 추천해주라		
intent_요금제_추천_문의	요금제 추천해주세요		
intent_요금제_추천_문의	요금제 추천해줄 수 있어?		
intent_요금제_추천_문의	요금제 추천해줄래?		
intent_요금제_추천_문의	요금제 추천해줘		
intent_요금제_추천_문의	요즘 괜찮은 요금제 나온 거 있나요		
intent_요금제_추천_문의	요즘 괜찮은 요금제 나온 거 있냐		
intent_요금제_추천_문의	요즘 괜찮은 요금제 나온 거 있어?		
intent_요금제_추천_문의	요즘 괜찮은 요금제 나온 거 있어요		
intent_요금제_추천_문의	요즘 괜찮은 요금제 뭐 있냐		
intent_요금제_추천_문의	요즘 괜찮은 요금제 뭐가 있나요?		
intent_요금제_추천_문의	요즘 괜찮은 요금제 추천 좀		
intent_요금제_추천_문의	요즘 괜찮은 요금제 추천해주세요		
intent_요금제_추천_문의	요즘 사람들이 많이 쓰는 요금제		
intent_요금제_추천_문의	요즘 사람들이 많이 쓰는 요금제 궁금해		
intent_요금제_추천_문의	요즘 사람들이 많이 쓰는 요금제 뭐야		
intent_요금제_추천_문의	요즘 사람들이 많이 쓰는 요금제가 궁금해요		
intent_요금제_추천_문의	요즘 사람들이 많이 쓰는 요금제가 뭐니		
intent_요금제_추천_문의	요즘 사람들이 많이 쓰는 요금제가 어떤 거야?		
intent_요금제_추천_문의	요즘 사람들이 많이 쓰는 요금제로 추천해줘		
intent_요금제_추천_문의	저하고 맞는 요금제는 어떤 게 있나요?		
intent_요금제_추천_문의	저한테 괜찮은 요금제 좀 보려고 해요		
intent_요금제_추천_문의	저한테 괜찮은 요금제는 뭐가 있을까요		
intent_요금제_추천_문의	저한테 최적인 요금제 뭐가 있을까요?		
intent_요금제_추천_문의	저한테 최적인 요금제 어떤 거지요?		
intent_요금제_추천_문의	저한테 최적인 요금제는 어떤 건가요?		
intent_요금제_추천_문의	저한테 최적인 요금제는 어떤 게 있을까요?		
intent_요금제_추천_문의	저한테 최적인 요금제는 어떤 요금제인지 추천 부탁해요		
intent_요금제_추천_문의	저한테 최적인 요금제는 어떤 요금제일까요?		
intent_요금제_추천_문의	제 사용패턴에 적합한 요금제 띄워주세요		
intent_요금제_추천_문의	제 사용패턴에 적합한 요금제 몇 개 추천해줘요		
intent_요금제_추천_문의	제 사용패턴에 적합한 요금제 목록 좀 보여주세요		
intent_요금제_추천_문의	제 사용패턴에 적합한 요금제 보여주세요		
intent_요금제_추천_문의	제 사용패턴에 적합한 요금제 알려주세요		
intent_요금제_추천_문의	제 사용패턴에 적합한 요금제 중에 추천할만 한 거 있나요?		
intent_요금제_추천_문의	제 사용패턴에 적합한 요금제 추천 좀 해줄 수 있나요?		
intent_요금제_추천_문의	제가 쓸 만한 요금제는 어떤 게 있을까요		
intent_요금제_추천_문의	최적 요금제 추천해주세요		
intent_요금제_추천_문의	추천 요금제		
intent_요금제_추천_문의	추천 요금제 소개 좀		
intent_요금제_추천_문의	추천 요금제 있어?		
intent_요금제_추천_문의	추천 요금제들 소개해줘		
intent_요금제_추천_문의	추천할 만한 요금제		
intent_요금제_추천_문의	추천할 만한 요금제 뭐 있나 궁금해		
intent_요금제_추천_문의	추천할 만한 요금제 안내해줘		
intent_요금제_추천_문의	추천할 만한 요금제 어떤 거 있나 보려고요		
intent_요금제_추천_문의	추천할 만한 요금제 좀 볼까		
intent_요금제_추천_문의	추천할 만한 요금제로 뭐가 있나요		
intent_요금제_추천_문의	나 요금제 바꿀 건데 뭐가 나한테 맞아		
intent_요금제_추천_문의	나 요금제 바꿀 건데 뭐가 나한테 맞을까		
intent_요금제_추천_문의	나 요금제 바꿀 건데 뭐가 나한테 맞을까요		
intent_요금제_추천_문의	나 요금제 바꿀 건데 뭐가 나한테 맞을지 추천 좀		
intent_요금제_추천_문의	나 요금제 바꿀 건데 뭐가 나한테 맞을지 추천 좀 해줘요		
intent_요금제_추천_문의	다른 요금제 가입하고 싶어		
intent_요금제_추천_문의	다른 요금제 가입하고 싶어요		
intent_요금제_추천_문의	다른 요금제 가입하고 싶은데		
intent_요금제_추천_문의	다른 요금제 가입하고 싶은데 뭐가 좋을까요?		
intent_요금제_추천_문의	다른 요금제 가입하고 싶은데 어떤 게 좋으려나		
intent_요금제_추천_문의	다른 요금제 가입하고 싶은데 어떤 게 좋은 건지 모르겠어요		
intent_요금제_추천_문의	다른 요금제 가입하고 싶은데 어떤 게 좋은 건지 몰라요		
intent_요금제_추천_문의	다른 요금제 가입하고 싶은데 어떤 게 좋은지 모르겠네		
intent_요금제_추천_문의	다른 요금제 가입하고 싶은데 어떤 게 좋은지 소개 좀		
intent_요금제_추천_문의	다른 요금제 가입하고 싶은데 어떤 게 좋은지 소개 좀 해줘		
intent_요금제_추천_문의	다른 요금제 가입하고 싶은데 어떤 게 좋을까		
intent_요금제_추천_문의	다른 요금제 가입하려고요		
intent_요금제_추천_문의	다른 요금제 가입할 거야		
intent_요금제_추천_문의	다른 요금제 가입할 건데 추천 좀		
intent_요금제_추천_문의	다른 요금제 가입할 건데 추천 좀 해주세요		
intent_요금제_추천_문의	다른 요금제 가입할 건데 추천 좀 해줄 수 있나요?		
intent_요금제_추천_문의	다른 요금제 가입할 건데 추천 좀 해줄 수 있니		
intent_요금제_추천_문의	다른 요금제 가입할 건데 추천 좀 해줄 수 있을까?		
intent_요금제_추천_문의	다른 요금제 가입할 건데 추천 좀 해줄 수 있을까요?		
intent_요금제_추천_문의	다른 요금제 가입할 건데 추천 좀 해줘		
intent_요금제_추천_문의	다른 요금제 가입할 건데 추천 좀 해줘요		
intent_요금제_추천_문의	다른 요금제 가입할래요		
intent_요금제_추천_문의	다른 요금제 쓰려고 하는데 무슨 요금제가 좋은지 보고 싶어		
intent_요금제_추천_문의	다른 요금제 쓰려고 하는데 무슨 요금제가 좋은지 보려고		
intent_요금제_추천_문의	다른 요금제 쓰려고 하는데 무슨 요금제가 좋은지 보자		
intent_요금제_추천_문의	다른 요금제 쓰려고 하는데 무슨 요금제가 좋은지 볼 수 있어요?		
intent_요금제_추천_문의	다른 요금제 쓰려고 하는데 무슨 요금제가 좋은지 좀 보여줘		
intent_요금제_추천_문의	다른 요금제 쓰려고 하는데 무슨 요금제가 좋은지 좀 볼까		
intent_요금제_추천_문의	다른 요금제로 가입할래		
intent_요금제_추천_문의	다른 요금제로 가입해보려고		
intent_요금제_추천_문의	다른 요금제로 바꾸고 싶은데 요금제를 모르겠어		
intent_요금제_추천_문의	다른 요금제로 바꾸고 싶은데 추천 좀 해 줘요		
intent_요금제_추천_문의	다른 요금제로 바꾸고 싶은데요.		
intent_요금제_추천_문의	다른 요금제로 바꾸려고		
intent_요금제_추천_문의	다른 요금제로 바꾸려고 합니다		
intent_요금제_추천_문의	다른 요금제로 바꾸려고요		
intent_요금제_추천_문의	다른 요금제로 바꿀 예정인데 어떤 요금제가 있나요?		
intent_요금제_추천_문의	다른 요금제로 바꿀 예정인데 어떤 요금제가 있는지 몰라서요		
intent_요금제_추천_문의	다른 요금제로 바꿀 예정인데 어떤 요금제가 있는지 몰라요		
intent_요금제_추천_문의	다른 요금제로 바꿀 예정인데 어떤 요금제가 있는지 잘 모르겠어요		
intent_요금제_추천_문의	다른 요금제로 바꿀 예정인데 어떤 요금제가 있는지 잘 몰라요		
intent_요금제_추천_문의	다른 요금제로 바꿀 예정인데 어떤 요금제가 있는지 추천 좀 해주세요		
intent_요금제_추천_문의	다른 요금제로 바꿀 예정인데 어떤 요금제가 있을까요?		
intent_요금제_추천_문의	다른 요금제로 바꿔 보려고		
intent_요금제_추천_문의	다른 요금제로 바꿔 보려고 하는데		
intent_요금제_추천_문의	다른 요금제로 바꿔보고 싶어		
intent_요금제_추천_문의	요금제 좀 바꿔보려고요		
intent_요금제_추천_문의	요금제 한 번 바꿔보려는데 추천 좀		
intent_요금제_추천_문의	다른 요금제로 바꿔서 쓰고 싶어		
intent_요금제_추천_문의	다른 요금제로 변경을 좀 해보려고요		
intent_요금제_추천_문의	다른 요금제로 변경을 해보려고 생각 중이에요		
intent_요금제_추천_문의	다른 요금제로 변경하려고 하는데 뭐가 좋아?		
intent_요금제_추천_문의	다른 요금제로 변경하려고 하는데 뭐가 좋으려나		
intent_요금제_추천_문의	다른 요금제로 변경하려고 하는데 뭐가 좋은가요		
intent_요금제_추천_문의	다른 요금제로 변경하려고 하는데 뭐가 좋은지 알려주세요		
intent_요금제_추천_문의	다른 요금제로 변경하려고 하는데 뭐가 좋은지 알려줘		
intent_요금제_추천_문의	다른 요금제로 변경하려고 하는데 뭐가 좋은지 알려줘요		
intent_요금제_추천_문의	다른 요금제로 변경하려고 하는데 뭐가 좋을까		
intent_요금제_추천_문의	다른 요금제로 변경하려고 하는데요		
intent_요금제_추천_문의	다른 요금제로 변경하려고 합니다		
intent_요금제_추천_문의	다른 요금제로 변경하려고 해요		
intent_요금제_추천_문의	다른 요금제로 변경할 거야		
intent_요금제_추천_문의	다른 요금제로 변경할래		
intent_요금제_추천_문의	다른 요금제로 변경할래요		
intent_요금제_추천_문의	요금제 다른 거 쓰고 싶은데		
intent_요금제_추천_문의	요금제 다른 거 쓰고 싶은데 안내 부탁해도 될까?		
intent_요금제_추천_문의	요금제 다른 거 쓰고 싶은데 안내 부탁해요		
intent_요금제_추천_문의	요금제 다른 거 쓰고 싶은데 안내 좀		
intent_요금제_추천_문의	요금제 다른 거 쓰고 싶은데 안내 좀 해줄 수 있니?		
intent_요금제_추천_문의	요금제 다른 거 쓰고 싶은데 안내 좀 해줘요		
intent_요금제_추천_문의	요금제 다른 거로 바꿀 건데 소개 부탁해		
intent_요금제_추천_문의	요금제 다른 거로 바꿀 건데 소개 좀 받고 싶어서		
intent_요금제_추천_문의	요금제 다른 거로 바꿀 건데 소개 좀 해줄 수 있나요?		
intent_요금제_추천_문의	요금제 다른 거로 바꿀 건데 소개 좀 해줄 수 있니?		
intent_요금제_추천_문의	요금제 다른 거로 바꿀 건데 소개 좀 해줄 수 있어?		
intent_요금제_추천_문의	요금제 다른 거로 바꿀 건데 소개 좀 해줄래?		
intent_요금제_추천_문의	요금제 바꾸고 싶어		
intent_요금제_추천_문의	요금제 바꾸고 싶은데		
intent_요금제_추천_문의	요금제 바꾸고 싶은데 뭐가 좋을까		
intent_요금제_추천_문의	요금제 바꾸고 싶은데 뭐로 바꿀지 모르겠어		
intent_요금제_추천_문의	요금제 바꾸고 싶은데 뭐로 바꿀지 모르겠어서		
intent_요금제_추천_문의	요금제 바꾸고 싶은데 뭐로 바꿀지 모르겠어요		
intent_요금제_추천_문의	요금제 바꾸고 싶은데 어떤 게 좋으려나		
intent_요금제_추천_문의	요금제 바꾸려고 하는데		
intent_요금제_추천_문의	요금제 바꿀 거라 추천 좀 받고 싶어		
intent_요금제_추천_문의	요금제 바꿀 거라 추천 좀 받고 싶어서요		
intent_요금제_추천_문의	요금제 바꿀 거라 추천 좀 받고 싶어요		
intent_요금제_추천_문의	요금제 바꿀 거라 추천 좀 받고 싶은데 가능할까요?		
intent_요금제_추천_문의	요금제 바꿀 거라 추천 좀 받고 싶은데요		
intent_요금제_추천_문의	요금제 바꿀 거라 추천 좀 받아보고 싶어요		
intent_요금제_추천_문의	요금제 바꿀 건데 다른 거 추천 가능하냐		
intent_요금제_추천_문의	요금제 바꿀 건데 다른 거 추천 가능하니		
intent_요금제_추천_문의	요금제 바꿀 건데 다른 거 추천 가능한가요?		
intent_요금제_추천_문의	요금제 바꿀 건데 다른 거 추천 가능할까		
intent_요금제_추천_문의	요금제 바꿀 건데 다른 거 추천 가능해?		
intent_요금제_추천_문의	요금제 바꿀 건데 다른 거 추천해주세요		
intent_요금제_추천_문의	요금제 바꿀 건데 다른 거 추천해줄 수 있나요?		
intent_요금제_추천_문의	요금제 바꿀 건데 추천할 만한 요금제 가르쳐주라		
intent_요금제_추천_문의	요금제 바꿀 건데 추천할 만한 요금제 가르쳐주면 좋겠어		
intent_요금제_추천_문의	요금제 바꿀 건데 추천할 만한 요금제 가르쳐주세요		
intent_요금제_추천_문의	요금제 바꿀 건데 추천할 만한 요금제 가르쳐줄 수 있어?		
intent_요금제_추천_문의	요금제 바꿀 건데 추천할 만한 요금제 가르쳐줄 수 있을까?		
intent_요금제_추천_문의	요금제 바꿀 건데 추천할 만한 요금제 가르쳐줘		
intent_요금제_추천_문의	요금제 바꿀 계획이야		
intent_요금제_추천_문의	요금제 변경하고 싶어		
intent_요금제_추천_문의	요금제 변경하고 싶어서요		
intent_요금제_추천_문의	요금제 변경하고 싶은데		
intent_요금제_추천_문의	요금제 변경하고 싶은데요.		
intent_요금제_추천_문의	요금제 변경하려고 하는데요		
intent_요금제_추천_문의	요금제 변경할 건데 추천 부탁 좀 하려고		
intent_요금제_추천_문의	요금제 변경할 건데 추천 부탁하려고		
intent_요금제_추천_문의	요금제 변경할 건데 추천 부탁하려고요		
intent_요금제_추천_문의	요금제 변경할 건데 추천 부탁합니다		
intent_요금제_추천_문의	요금제 변경할 건데 추천 부탁해		
intent_요금제_추천_문의	요금제 변경할 건데 추천 부탁해요		
intent_요금제_추천_문의	요금제 변경할 건데 추천 좀		
intent_요금제_추천_문의	요금제 변경할 예정인데요		
intent_요금제_추천_문의	요금제 변경할래		
intent_요금제_추천_문의	요금제 변경해보려고		
intent_요금제_추천_문의	요금제 변경해보려고 하는데요		
intent_요금제_추천_문의	요금제를 변경하려고 해		
intent_요금제_추천_문의	지금 거 말고 다른 요금제 가입할 건데 뭐가 있는지 모르겠네		
intent_요금제_추천_문의	지금 거 말고 다른 요금제 가입할 건데 뭐가 있는지 모르겠어		
intent_요금제_추천_문의	지금 거 말고 다른 요금제 가입할 건데 뭐가 있는지 몰라		
intent_요금제_추천_문의	지금 거 말고 다른 요금제 가입할 건데 뭐가 있는지 몰라서		
intent_요금제_추천_문의	지금 거 말고 다른 요금제 가입할 건데 뭐가 있는지 몰라요		
intent_요금제_추천_문의	지금 거 말고 다른 요금제 가입할 건데 뭐가 있는지 잘 몰라요		
intent_요금제_추천_문의	폰 요금제 다른 거 쓰고 싶은데 추천 좀	폰	Mobile
intent_요금제_추천_문의	폰 요금제 다른 거 쓰고 싶은데 추천 좀 받아 보려고	폰	Mobile
intent_요금제_추천_문의	폰 요금제 다른 거 쓰고 싶은데 추천 좀 받아 볼 수 있니	폰	Mobile
intent_요금제_추천_문의	폰 요금제 다른 거 쓰고 싶은데 추천 좀 받아 볼 수 있을까?	폰	Mobile
intent_요금제_추천_문의	폰 요금제 다른 거 쓰고 싶은데 추천 좀 받으려고	폰	Mobile
intent_요금제_추천_문의	폰 요금제 다른 거 쓰고 싶은데 추천 좀 받으려고요	폰	Mobile
intent_요금제_추천_문의	폰 요금제 바꿀 때 추천할 만한 요금제	폰	Mobile
intent_요금제_추천_문의	폰 요금제 바꿀 때 추천할 만한 요금제 뭐 있어?	폰	Mobile
intent_요금제_추천_문의	폰 요금제 바꿀 때 추천할 만한 요금제 뭐가 있냐	폰	Mobile
intent_요금제_추천_문의	폰 요금제 바꿀 때 추천할 만한 요금제 어떤 거 있니	폰	Mobile
intent_요금제_추천_문의	폰 요금제 바꿀 때 추천할 만한 요금제 어떤 게 있을까요	폰	Mobile
intent_요금제_추천_문의	핸드폰 요금제 다른 거 가입할 건데 추천 부탁해	핸드폰	Mobile
intent_요금제_추천_문의	핸드폰 요금제 다른 거 가입할 건데 추천 부탁해도 될까?	핸드폰	Mobile
intent_요금제_추천_문의	핸드폰 요금제 다른 거 가입할 건데 추천 좀 해줘	핸드폰	Mobile
intent_요금제_추천_문의	핸드폰 요금제 다른 거 가입할 건데 추천해 줄래?	핸드폰	Mobile
intent_요금제_추천_문의	핸드폰 요금제 다른 거 가입할 건데 추천해줄 수 있어?	핸드폰	Mobile
intent_요금제_추천_문의	핸드폰 요금제 다른 거 가입할 건데 추천해줄 수 있을까?	핸드폰	Mobile
intent_요금제_추천_문의	핸드폰 요금제 뭐로 바꾸는 게 좋으려나	핸드폰	Mobile
intent_요금제_추천_문의	핸드폰 요금제 뭐로 바꾸는 게 좋은지 모르겠네	핸드폰	Mobile
intent_요금제_추천_문의	핸드폰 요금제 뭐로 바꾸는게 좋을까	핸드폰	Mobile
intent_요금제_추천_문의	핸드폰 요금제 뭐로 바꿀까	핸드폰	Mobile
intent_요금제_추천_문의	핸드폰 요금제 뭐로 바꿀까나	핸드폰	Mobile
intent_요금제_추천_문의	핸드폰 요금제 뭐로 바꿀지 모르겠네	핸드폰	Mobile
intent_요금제_추천_문의	핸드폰 요금제 뭐로 바꿀지 모르겠어	핸드폰	Mobile
intent_요금제_추천_문의	핸드폰 요금제 뭐로 바꿀지 추천 좀	핸드폰	Mobile
intent_요금제_추천_문의	핸드폰 요금제 뭐로 바꿀지 추천 좀 해줘	핸드폰	Mobile
intent_요금제_추천_문의	핸드폰 요금제 어떤 거로 변경하는 게 좋으려나	핸드폰	Mobile
intent_요금제_추천_문의	핸드폰 요금제 어떤 거로 변경하는 게 좋을까	핸드폰	Mobile
intent_요금제_추천_문의	핸드폰 요금제 어떤 거로 변경하는 게 좋을까요	핸드폰	Mobile
intent_요금제_추천_문의	핸드폰 요금제 어떤 거로 변경하는 게 좋을지 추천 부탁해요	핸드폰	Mobile
intent_요금제_추천_문의	핸드폰 요금제 어떤 거로 변경하는 게 좋을지 추천해줘요	핸드폰	Mobile
intent_요금제_추천_문의	핸드폰 요금제 어떤 거로 변경하는 게 좋을지요	핸드폰	Mobile
intent_요금제_추천_문의	저한테 잘 맞을 것 같은 요금제 추천 좀 해 주세요		
intent_요금제_추천_문의	나한테 잘 맞을 요금제 좀 추천해줘		
intent_요금제_추천_문의	저한테 잘 맞을 것 같은 요금제 추천 부탁해요		
intent_요금제_추천_문의	나한테 추천해 줄 요금제 있어?		
intent_요금제_추천_문의	나에게 추천해 주고 싶은 요금제 있니?		
intent_요금제_추천_문의	나한테 추천하고 싶은 요금제 있어?		
intent_요금제_추천_문의	요금제 괜찮은 것 좀 추천해 줘		
intent_요금제_추천_문의	요금제 괜찮은 걸로 추천 좀 해 봐		
intent_요금제_추천_문의	요금제 괜찮은 거 추천 좀 부탁해		
intent_요금제_추천_문의	요금제 뭐로 바꾸면 좋을지 추천 좀 해 줘		
intent_요금제_추천_문의	요금제 뭘로 바꿔야 좋을지 추천해 봐		
intent_요금제_추천_문의	요금제 뭘로 바꾸는 게 좋을지 추천 좀요		
intent_요금제_추천_문의	요금제 바꿀까 하는데 추천 가능할까?		
intent_요금제_추천_문의	요금제 바꾸고 싶어서 그러는데 추천해 봐		
intent_요금제_추천_문의	요금제 바꾸고 싶은데 요금제 추천 좀요		
intent_요금제_추천_문의	요금제 바꾸고 싶은데 어떤 것이 좋을지 추천 좀 해주세요		
intent_요금제_추천_문의	요금제 좀 바꾸고 싶은데 어떤 게 좋은지 추천 가능한가요?		
intent_요금제_추천_문의	요금제 바꾸고 싶은데 어떤 게 좋을지 추천 좀 부탁해		
intent_요금제_추천_문의	핸드폰 요금제 어떤 걸로 바꾸면 좋을지 추천해 주세요	핸드폰	Mobile
intent_요금제_추천_문의	핸드폰 요금제 뭘로 바꾸는 게 좋을지 추천 좀요	핸드폰	Mobile
intent_요금제_추천_문의	핸드폰 요금제 뭐로 바꾸는 게 좋을지 추천 좀 부탁해	핸드폰	Mobile
intent_내_부가서비스_문의	지금 가입된 부가서비스 뭐가 있나요		
intent_내_부가서비스_문의	현재 사용중인 부가서비스 어디서 볼수 있나요?		
intent_내_부가서비스_문의	부가서비스 가입 현황 보여주세요.		
intent_내_부가서비스_문의	현재 가입된 부가서비스 뭐뭐 있나요?		
intent_내_부가서비스_문의	어떤 부가서비스 사용하는지 알 수 있나요?		
intent_내_부가서비스_문의	가입되어 있는 부가서비스 목록 보기		
intent_내_부가서비스_문의	가입되어 있는 부가서비스 뭐 뭐 있나요?		
intent_내_부가서비스_문의	가입되어 있는 부가서비스 뭐 뭐 있지?		
intent_내_부가서비스_문의	가입되어 있는 부가서비스 보는 법		
intent_내_부가서비스_문의	가입되어 있는 부가서비스 좀 보여줄 수 있니?		
intent_내_부가서비스_문의	가입된 부가 서비스 확인하는 법		
intent_내_부가서비스_문의	가입된 부가서비스 목록 보여줘		
intent_내_부가서비스_문의	가입된 부가서비스 목록 좀 확인하려는데요		
intent_내_부가서비스_문의	가입된 부가서비스 전체 목록		
intent_내_부가서비스_문의	가입된 부가서비스들 좀 볼 수 있을까?		
intent_내_부가서비스_문의	가입한 부가서비스 목록 보고 싶어		
intent_내_부가서비스_문의	가입한 부가서비스 조회하기		
intent_내_부가서비스_문의	가입한 부가서비스 확인 방법		
intent_내_부가서비스_문의	가입했던 부가서비스 리스트 좀 볼 수 있을까?		
intent_내_부가서비스_문의	가입했던 부가서비스 뭐 있더라		
intent_내_부가서비스_문의	가입했던 부가서비스 전체 보기		
intent_내_부가서비스_문의	가입했었던 부가서비스 명단 조회		
intent_내_부가서비스_문의	나 무슨 부가서비스 가입했었는지 확인하고 싶어		
intent_내_부가서비스_문의	나 뭔 부가서비스들 가입했더라		
intent_내_부가서비스_문의	나 무슨 부가서비스들 가입된 걸로 나와?		
intent_내_부가서비스_문의	나 어떤 부가서비스 사용 중인지 알려줘		
intent_내_부가서비스_문의	나 부가 서비스 가입된 거 뭐 있는지 확인 좀		
intent_내_부가서비스_문의	나 부가 서비스 어떤 것들 가입되어 있지?		
intent_내_부가서비스_문의	나 부가서비스 가입된 거 좀 다 보여줄 수 있니?		
intent_내_부가서비스_문의	나 부가서비스 가입한 것 리스트 좀 부탁해		
intent_내_부가서비스_문의	나 부가서비스 뭐 가입했는지 알고 싶은데		
intent_내_부가서비스_문의	나 부가서비스 뭐 가입했었는지 궁금해		
intent_내_부가서비스_문의	나 부가서비스 뭐 뭐 가입되어 있니		
intent_내_부가서비스_문의	나 부가서비스 뭐 뭐 가입했었지?		
intent_내_부가서비스_문의	나 부가서비스 뭐 사용하고 있는지 궁금해		
intent_내_부가서비스_문의	나 부가서비스 뭐 쓰고 있는지 확인 좀 해줘		
intent_내_부가서비스_문의	나 부가서비스 사용 중인 거 뭐 있어?		
intent_내_부가서비스_문의	나 부가서비스 쓰는 거 뭐 뭐 있어?		
intent_내_부가서비스_문의	나 부가서비스 어떤 거 가입되어 있는지 알고 싶어		
intent_내_부가서비스_문의	나 부가서비스 어떤 거 가입했더라?		
intent_내_부가서비스_문의	나 부가서비스 이용 중인 것 볼 수 있어?		
intent_내_부가서비스_문의	나 부가서비스 이용 중인 목록 좀 뽑아줄래?		
intent_내_부가서비스_문의	나 부가서비스 전체 목록 좀 알려줘		
intent_내_부가서비스_문의	나 사용 중인 부가서비스 좀 보여줄래?		
intent_내_부가서비스_문의	나 어떤 부가서비스 쓰고 있는지 좀 보여줘		
intent_내_부가서비스_문의	나 어떤 부가서비스 이용 중인지 좀 볼래		
intent_내_부가서비스_문의	내 부가서비스 가입 목록		
intent_내_부가서비스_문의	내 부가서비스 가입 상태		
intent_내_부가서비스_문의	내 부가서비스 가입 정보 조회하기		
intent_내_부가서비스_문의	내 부가서비스 가입 정보 확인		
intent_내_부가서비스_문의	내 부가서비스 가입 현황 보여줘		
intent_내_부가서비스_문의	내 부가서비스 가입 현황 어떻게 되지?		
intent_내_부가서비스_문의	내 부가서비스 가입 현황 좀 보자		
intent_내_부가서비스_문의	내 부가서비스 가입 현황 좀 볼 수 있을까?		
intent_내_부가서비스_문의	내 부가서비스 가입 현황 좀 볼래		
intent_내_부가서비스_문의	내 부가서비스 가입된 거 어떻게 보지?		
intent_내_부가서비스_문의	내 부가서비스 가입된 것 좀 보자		
intent_내_부가서비스_문의	내 부가서비스 가입된 것 좀 확인해줘		
intent_내_부가서비스_문의	내 부가서비스 가입된 목록 보기		
intent_내_부가서비스_문의	내 부가서비스 사용 목록		
intent_내_부가서비스_문의	내 부가서비스 사용 목록 확인 좀 부탁해		
intent_내_부가서비스_문의	내 부가서비스 사용 정보 어떻게 봐?		
intent_내_부가서비스_문의	내 부가서비스 사용 중 목록 조회		
intent_내_부가서비스_문의	내 부가서비스 사용 중인 것 확인		
intent_내_부가서비스_문의	내 부가서비스 사용 현황 좀 볼 수 있을까?		
intent_내_부가서비스_문의	내 부가서비스 사용 현황 확인		
intent_내_부가서비스_문의	내 부가서비스 이용 현황		
intent_내_부가서비스_문의	내 부가서비스 조회 어떻게 하나요?		
intent_내_부가서비스_문의	내 부가서비스 확인 어디서 하죠?		
intent_내_부가서비스_문의	내 부가서비스 확인하기		
intent_내_부가서비스_문의	내 부가서비스 확인할 방법 없나요?		
intent_내_부가서비스_문의	내 부가서비스 확인할 방법 없을까요?		
intent_내_부가서비스_문의	내가 가입된 부가 서비스 리스트		
intent_내_부가서비스_문의	내가 가입한 부가 서비스 목록		
intent_내_부가서비스_문의	내가 가입한 부가서비스 현황 조회		
intent_내_부가서비스_문의	내가 가입한 부가서비스들 좀 볼래		
intent_내_부가서비스_문의	내가 가입했던 부가서비스 좀 보여줄래?		
intent_내_부가서비스_문의	내가 가입했었던 부가서비스 뭐 있지?		
intent_내_부가서비스_문의	내가 사용 중인 부가서비스 리스트		
intent_내_부가서비스_문의	내가 사용 중인 부가서비스 전체 보기		
intent_내_부가서비스_문의	내가 사용 중인 부가서비스 현황 보려면 어떻게 해?		
intent_내_부가서비스_문의	내가 사용 중인 부가서비스 확인하기		
intent_내_부가서비스_문의	내가 사용하고 있는 부가서비스 목록 좀 보자		
intent_내_부가서비스_문의	내가 사용하고 있는 부가서비스 뭐 뭐 있어?		
intent_내_부가서비스_문의	내가 사용하고 있는 부가서비스 뭔지 확인하려는데		
intent_내_부가서비스_문의	내가 쓰고 있는 부가서비스 전체 목록 좀		
intent_내_부가서비스_문의	내가 이용 중인 부가서비스 현황 좀 볼래		
intent_내_부가서비스_문의	내가 이용하는 부가서비스 현황 조회		
intent_내_부가서비스_문의	내가 지금 쓰고 있는 부가서비스들 보여줘		
intent_내_부가서비스_문의	내가 지금 쓰는 부가 서비스 뭐 뭐 있어?		
intent_내_부가서비스_문의	부가 서비스 가입된 거 전체 다 알려주세요		
intent_내_부가서비스_문의	부가 서비스 사용 중인 거 다 알려줘		
intent_내_부가서비스_문의	부가 서비스 이용 현황 조회하기		
intent_내_부가서비스_문의	부가서비스 가입 목록 보기		
intent_내_부가서비스_문의	부가서비스 가입 목록 확인		
intent_내_부가서비스_문의	부가서비스 가입 여부 어디서 알아보나요?		
intent_내_부가서비스_문의	부가서비스 가입 전체 목록		
intent_내_부가서비스_문의	부가서비스 가입된 거 다 알고 싶어요		
intent_내_부가서비스_문의	부가서비스 가입된 것 좀 볼 수 있을까요?		
intent_내_부가서비스_문의	부가서비스 가입된 정보 어떻게 알아볼 수 있나요?		
intent_내_부가서비스_문의	부가서비스 가입된 현황 좀 확인해줘		
intent_내_부가서비스_문의	부가서비스 가입한 목록		
intent_내_부가서비스_문의	부가서비스 사용 정보 조회		
intent_내_부가서비스_문의	부가서비스 사용 중 목록 확인하기		
intent_내_부가서비스_문의	부가서비스 사용 중인 거 다 알려주세요		
intent_내_부가서비스_문의	부가서비스 사용 중인 거 리스트 좀 줘		
intent_내_부가서비스_문의	부가서비스 사용 중인 거 뭐 뭐 있지?		
intent_내_부가서비스_문의	부가서비스 사용 중인 것들 목록 좀		
intent_내_부가서비스_문의	부가서비스 사용 중인 리스트 확인할래요		
intent_내_부가서비스_문의	부가서비스 사용 현황 확인 방법		
intent_내_부가서비스_문의	부가서비스 쓰고 있는 거 목록 좀		
intent_내_부가서비스_문의	부가서비스 이용 중인 것들 다 보여줘		
intent_내_부가서비스_문의	부가서비스 이용 중인 것들 좀 보여주세요		
intent_내_부가서비스_문의	부가서비스 이용 현황 보기		
intent_내_부가서비스_문의	부가서비스 이용하고 있는 거 보여줘		
intent_내_부가서비스_문의	부가서비스 이용 중인 거 명단 좀		
intent_내_부가서비스_문의	부가서비스 지금 가입된 것들 좀 보여주세요		
intent_내_부가서비스_문의	지금 사용 중인 부가서비스 명단		
intent_내_부가서비스_문의	부가서비스 지금 쓰고 있는 것들 뭐더라		
intent_내_부가서비스_문의	부가서비스 현재 가입 정보		
intent_내_부가서비스_문의	부가서비스 현재 가입된 상품들 보여줘		
intent_내_부가서비스_문의	부가서비스 현재 사용 목록 보기		
intent_내_부가서비스_문의	부가서비스 현재 사용 중인 것들 볼 수 있나요?		
intent_내_부가서비스_문의	사용 중 부가서비스 어떤 게 있죠?		
intent_내_부가서비스_문의	사용 중인 부가서비스들 뭐 있니?		
intent_내_부가서비스_문의	어디서 부가서비스 가입된 거 찾아보나요?		
intent_내_부가서비스_문의	어디서 부가서비스 가입 현황 보나요?		
intent_내_부가서비스_문의	어디서 부가서비스 사용 중인 거 볼 수 있는지		
intent_내_부가서비스_문의	어떻게 부가서비스 가입된 거 알아보는지		
intent_내_부가서비스_문의	어떻게 부가서비스 가입 목록 찾아 봐?		
intent_내_부가서비스_문의	어떻게 부가서비스 사용 중인 목록 볼 수 있지?		
intent_내_부가서비스_문의	사용 중인 내 부가서비스 어떤 게 있지?		
intent_내_부가서비스_문의	사용 중인 내 부가서비스 조회하기		
intent_내_부가서비스_문의	사용 중인 부가서비스 목록 전체 보기		
intent_내_부가서비스_문의	사용 중인 부가서비스 뭐 있는지 알려줘		
intent_내_부가서비스_문의	사용 중인 부가서비스 어디서 확인해 보나요?		
intent_내_부가서비스_문의	사용 중인 부가서비스 현황 보기		
intent_내_부가서비스_문의	사용 중인 부가서비스들 좀 보여줘		
intent_내_부가서비스_문의	사용하고 있는 부가서비스 어떻게 확인하나요?		
intent_내_부가서비스_문의	이용 중인 부가서비스 조회하기		
intent_내_부가서비스_문의	이용 중인 부가서비스 확인하는 방법 좀		
intent_내_부가서비스_문의	이용 중인 부가서비스들 뭐 있어?		
intent_내_부가서비스_문의	이용 중인 부가서비스 목록 조회하기		
intent_내_부가서비스_문의	저 부가서비스 가입 뭐 되어있나요?		
intent_내_부가서비스_문의	저 부가서비스 가입돼있는 목록 좀 보여주세요		
intent_내_부가서비스_문의	저 부가서비스 가입된 거 뭐 있나요?		
intent_내_부가서비스_문의	저 부가서비스 뭐 뭐 가입했었죠?		
intent_내_부가서비스_문의	저 부가서비스 뭐 사용 중인지 좀 알려주세요		
intent_내_부가서비스_문의	저 부가서비스 어떤 거 가입되어 있는지 볼래요		
intent_내_부가서비스_문의	저 부가서비스 어떤 거 가입했는지 알고 싶어요		
intent_내_부가서비스_문의	제 SKT 부가서비스 목록 좀 봅시다		
intent_내_부가서비스_문의	제 T 부가서비스 목록 다 보여주세요		
intent_내_부가서비스_문의	내 T 부가서비스 뭐 가입됐는지 알려줘 다		
intent_내_부가서비스_문의	제 명의로 가입된 부가서비스 확인 방법 관해 문의드려요		
intent_내_부가서비스_문의	제 부가서비스 가입된 것 좀 보려고요		
intent_내_부가서비스_문의	제 부가서비스 목록 확인 부탁해요		
intent_내_부가서비스_문의	제 부가서비스 뭐 뭐 사용 중인지 알려주실래요?		
intent_내_부가서비스_문의	제 부가서비스 사용 정보 문의합니다		
intent_내_부가서비스_문의	제 부가서비스 사용 중인 것들 좀 확인해주세요		
intent_내_부가서비스_문의	제 부가서비스 전체 리스트 좀 보여줘요		
intent_내_부가서비스_문의	제 회선으로 가입된 부가서비스를 확인하는 방법 알려주세요		
intent_내_부가서비스_문의	제가 가입했던 부가서비스들 보여주세요		
intent_내_부가서비스_문의	제가 사용 중인 부가서비스 목록 좀 조회할게요		
intent_내_부가서비스_문의	제 회선으로 가입된 부가서비스 전체 다 보여주세요		
intent_내_부가서비스_문의	제 회선에 가입된 부가서비스 뭐 있나요?		
intent_내_부가서비스_문의	제 회선에서 사용 중인 부가서비스 목록 좀요		
intent_내_부가서비스_문의	지금 가입된 부가서비스 목록 좀 불러와 줘		
intent_내_부가서비스_문의	지금 가입된 부가서비스 좀 뽑아줘		
intent_내_부가서비스_문의	지금 가입된 부가서비스들 좀 보자		
intent_내_부가서비스_문의	지금 가입되어 있는 부가서비스 뭐 있지?		
intent_내_부가서비스_문의	지금 내가 쓰는 부가서비스 뭐 있지?		
intent_내_부가서비스_문의	지금 내가 사용하는 부가서비스 목록		
intent_내_부가서비스_문의	지금 내 회선으로 가입된 부가서비스 보여줘		
intent_내_부가서비스_문의	지금 내가 쓰고 있는 부가서비스들 좀 알려줘		
intent_내_부가서비스_문의	지금 사용 중인 부가서비스 어떤 게 있니?		
intent_내_부가서비스_문의	지금 사용하는 부가서비스 목록 어떻게 보나요?		
intent_내_부가서비스_문의	지금 이용 중인 부가 서비스 확인하기		
intent_내_부가서비스_문의	지금 이용 중인 부가서비스 뭐 있어?		
intent_내_부가서비스_문의	현재 가입되어 있는 부가서비스 보여줘		
intent_내_부가서비스_문의	현재 가입된 부가서비스 목록		
intent_내_부가서비스_문의	현재 가입된 부가서비스 목록 좀 모아줄래?		
intent_내_부가서비스_문의	현재 부가서비스 가입 정보 보여줘		
intent_내_부가서비스_문의	현재 이용 중인 부가 서비스 명단 좀 보여주실래요?		
intent_내_부가서비스_문의	현재 부가서비스 사용 현황 좀 문의합니다		
intent_내_부가서비스_문의	현재 사용 중인 부가서비스 목록 좀 볼 수 있을까요?		
intent_내_부가서비스_문의	현재 사용 중인 부가서비스 좀 봅시다		
intent_내_부가서비스_문의	현재 사용 중인 부가서비스 확인 좀 부탁해요		
intent_내_부가서비스_문의	현재 사용 중인 부가서비스는 어떻게 확인하나요?		
intent_내_부가서비스_문의	현재 쓰고 있는 부가서비스 확인 방법 좀 알려주세요		
intent_내_부가서비스_문의	현재 이용 중인 부가서비스 현황		
intent_내_부가서비스_문의	현재 이용하고 있는 부가서비스들 보여줘		
intent_내_부가서비스_문의	내가 신청한 부가서비스 보여줘		
intent_내_부가서비스_문의	부가서비스 신청되어 있는 거 목록 알고 싶어요		
intent_내_부가서비스_문의	신청되어 있는 부가서비스 어떤 건지 알려줘		
intent_내_부가서비스_문의	현재 사용 중인 부가서비스 내역 좀 보여줘		
intent_내_부가서비스_문의	나한테 등록된 부가서비스 어떤 거야		
intent_내_부가서비스_문의	가입된 부가서비스 목록 좀 보자		
intent_내_부가서비스_문의	가입된 부가 서비스 목록 볼 수 있을까?		
intent_내_부가서비스_문의	가입되어 있는 부가서비스 목록 보기		
intent_내_부가서비스_문의	가입한 부가 서비스 목록 조회		
intent_내_부가서비스_문의	가입된 부가서비스 목록		
intent_내_부가서비스_문의	가입 부가서비스 목록		
intent_내_부가서비스_문의	내가 가입된 부가 서비스 확인하기		
intent_내_부가서비스_문의	내가 가입한 부가서비스 뭐 있는지 확인		
intent_내_부가서비스_문의	내가 가입한 부가서비스 확인 좀 하려고		
intent_내_부가서비스_문의	내가 사용 중인 부가서비스 뭐 뭐 있어?		
intent_내_부가서비스_문의	내가 쓰고 있는 부가서비스가 뭐야		
intent_내_부가서비스_문의	내가 사용 중인 부가 서비스 어떤 거야?		
intent_내_부가서비스_문의	사용 중인 부가서비스 목록 조회 좀 가능할까?		
intent_내_부가서비스_문의	사용 중 부가서비스 목록 보기		
intent_내_부가서비스_문의	사용 중인 부가서비스 목록 조회 어디서 해?		
intent_내_부가서비스_문의	지금 이용하고 있는 부가서비스 뭐 뭐 있어?		
intent_내_부가서비스_문의	지금 이용 중인 부가서비스가 뭐뭐야?		
intent_내_부가서비스_문의	지금 이용하고 있는 부가서비스가 뭐뭐 있는지 알려줘		
intent_내_부가서비스_문의	현재 가입된 부가서비스 안내 좀 해 주라		
intent_내_부가서비스_문의	현재 가입되어 있는 부가서비스 좀 안내해 줘		
intent_내_부가서비스_문의	현재 가입된 부가서비스 안내 좀 부탁해요		
intent_내_부가서비스_문의	현재 가입되어 있는 부가서비스 다 알려주실 수 있을까요?		
intent_내_부가서비스_문의	내가 쓰고 있는 부가서비스 조회 좀 해줘		
intent_내_부가서비스_문의	내가 쓰고 있는 부가서비스 조회 부탁해도 될까?		
intent_내_부가서비스_문의	내 부가서비스 문의하고 싶어서		
intent_내_부가서비스_문의	제 부가서비스 문의하고 싶습니다		
intent_부가서비스_추천_문의	부가서비스 가입할만한 것 추천해주세요.		
intent_부가서비스_추천_문의	내가 필요한 부가서비스 뭐가 있는지 알려주세요.		
intent_부가서비스_추천_문의	어떤 부가서비스가 요즘 인기있나요?		
intent_부가서비스_추천_문의	부가서비스 중에 추천할만한게 어떤게 있을까요?		
intent_부가서비스_추천_문의	저한테 필요한 부가서비스 추천 부탁드립니다.		
intent_부가서비스_추천_문의	추천할만한 부가서비스 어떤게 있나요?		
intent_부가서비스_추천_문의	부가서비스 중에 괜찮은 거 추천해주세요.		
intent_부가서비스_추천_문의	제가 쓸만한 부가서비스 어떤게 있을까요?		
intent_부가서비스_추천_문의	내가 쓸만한 부가서비스는?		
intent_부가서비스_추천_문의	유용한 부가서비스 뭐가 있을까		
intent_부가서비스_추천_문의	유용한 부가서비스는 어떤 게 있을까		
intent_부가서비스_추천_문의	부가서비스 어떤 게 유용할까		
intent_부가서비스_추천_문의	제가 쓸만한 부가서비스 추천해 주세요		
intent_부가서비스_추천_문의	내가 쓸 부가서비스 추천해줘		
intent_부가서비스_추천_문의	부가서비스 내가 쓸만한 거 추천해줘		
intent_부가서비스_추천_문의	부가서비스 제가 쓸만한 것을 추천 부탁드립니다		
intent_부가서비스_추천_문의	부가서비스 어떤 게 제가 쓸만 할까요?		
intent_부가서비스_추천_문의	부가서비스 어떤 것이 제가 쓰기 좋을까요?		
intent_부가서비스_추천_문의	내가 쓰기 좋을 부가서비스 추천해줘		
intent_부가서비스_추천_문의	제가 쓰기 좋을 부가서비스 추천 부탁해요		
intent_부가서비스_추천_문의	내가 쓰면 괜찮을 부가서비스 뭐가 있어		
intent_부가서비스_추천_문의	부가서비스 어떤게 쓸만 하려나		
intent_부가서비스_추천_문의	어떤 부가서비스가 쓸만 할까?		
intent_부가서비스_추천_문의	어떤 부가서비스가 쓰기 좋을까?		
intent_부가서비스_추천_문의	쓰기 좋은 부가서비스 보여줘		
intent_부가서비스_추천_문의	내가 쓰기 좋은 부가서비스 보기		
intent_부가서비스_추천_문의	부가서비스 쓰기 좋은 거 보여줘요		
intent_부가서비스_추천_문의	부가서비스 괜찮은 거 있을까요?		
intent_부가서비스_추천_문의	괜찮은 부가서비스 어떤 거 있어요?		
intent_부가서비스_추천_문의	괜찮은 부가서비스 추천해 주세요		
intent_부가서비스_추천_문의	괜찮은 부가서비스 추천해줄 수 있어요?		
intent_부가서비스_추천_문의	부가서비스 어떤 게 괜찮지?		
intent_부가서비스_추천_문의	괜찮은 부가서비스 뭐가 있는지 알고 싶어		
intent_부가서비스_추천_문의	괜찮은 부가서비스 어떤 게 있는지 알려줘		
intent_부가서비스_추천_문의	괜찮은 부가서비스 어떤 것이 있을지요?		
intent_부가서비스_추천_문의	부가서비스 괜찮은 거 알고 싶어요		
intent_부가서비스_추천_문의	부가서비스 괜찮은 게 뭔지 보여주라		
intent_부가서비스_추천_문의	부가서비스 어떤 게 괜찮을지 궁금해		
intent_부가서비스_추천_문의	부가서비스 어떤 게 괜찮을까?		
intent_부가서비스_추천_문의	부가서비스 뭐가 괜찮은지 알려줘		
intent_부가서비스_추천_문의	부가서비스 뭐가 괜찮은지 알려주라		
intent_부가서비스_추천_문의	부가서비스 뭐가 괜찮은지 보여줘요		
intent_부가서비스_추천_문의	부가서비스 뭐가 괜찮을지 볼게		
intent_부가서비스_추천_문의	부가서비스 뭐가 괜찮은지 알고 싶어		
intent_부가서비스_추천_문의	부가서비스 뭐가 괜찮은지 추천해줘		
intent_부가서비스_추천_문의	부가서비스 괜찮은 게 뭘까?		
intent_부가서비스_추천_문의	부가서비스 괜찮은 것이 뭘까요?		
intent_부가서비스_추천_문의	부가서비스 괜찮은 거 보여줘		
intent_부가서비스_추천_문의	부가서비스 괜찮은 거 보여줄래요?		
intent_부가서비스_추천_문의	부가서비스 괜찮은 거 보여 주시죠		
intent_부가서비스_추천_문의	부가서비스 중에 뭐가 괜찮을까요?		
intent_부가서비스_추천_문의	부가서비스 추천해줘		
intent_부가서비스_추천_문의	부가서비스 추천해줄 수 있어?		
intent_부가서비스_추천_문의	부가서비스 추천해줄래요?		
intent_부가서비스_추천_문의	부가서비스 추천을 부탁해		
intent_부가서비스_추천_문의	부가서비스 추천해주라		
intent_부가서비스_추천_문의	부가서비스 추천 가능할까?		
intent_부가서비스_추천_문의	부가서비스 추천해주면 좋겠어요		
intent_부가서비스_추천_문의	부가서비스 추천해줄 수 있지?		
intent_부가서비스_추천_문의	부가서비스 추천하기		
intent_부가서비스_추천_문의	부가서비스 추천해		
intent_부가서비스_추천_문의	부가서비스 추천 좀		
intent_부가서비스_추천_문의	나한테 맞는 부가서비스 추천해줘		
intent_부가서비스_추천_문의	나한테 맞는 부가서비스 추천해줄 수 있을까?		
intent_부가서비스_추천_문의	저에게 맞는 부가서비스 추천해주세요		
intent_부가서비스_추천_문의	저에게 맞는 부가서비스를 추천해주실 수 있을까요?		
intent_부가서비스_추천_문의	나에게 맞는 부가서비스 추천을 원해		
intent_부가서비스_추천_문의	저에게 맞는 부가서비스를 추천해주시길 원합니다		
intent_부가서비스_추천_문의	저에게 맞는 부가서비스 추천해줄래요?		
intent_부가서비스_추천_문의	나한테 필요한 부가서비스가 뭘까?		
intent_부가서비스_추천_문의	나한테 필요한 부가서비스가 뭐가 있을까?		
intent_부가서비스_추천_문의	저에게 필요한 부가서비스가 뭐가 있는지 알려 주세요		
intent_부가서비스_추천_문의	저에게 필요한 부가서비스는 뭘까요?		
intent_부가서비스_추천_문의	나한테 필요한 부가서비스 추천해주라		
intent_부가서비스_추천_문의	나한테 필요한 부가서비스 추천 가능할까?		
intent_부가서비스_추천_문의	저에게 필요한 부가서비스 추천해주시면 감사하겠습니다		
intent_부가서비스_추천_문의	저에게 필요한 부가서비스 추천해주시면 좋겠어요		
intent_부가서비스_추천_문의	어떤 부가서비스가 저에게 필요할까요?		
intent_부가서비스_추천_문의	저에게 필요한 부가서비스가 어떤 것이 있을까요?		
intent_부가서비스_추천_문의	어떤 부가서비스가 나한테 잘 맞을까?		
intent_부가서비스_추천_문의	저에게 필요한 부가서비스 어떤 것이 있는지 알려 주세요		
intent_부가서비스_추천_문의	추천할만한 부가서비스 뭐예요?		
intent_부가서비스_추천_문의	나한테 추천할만한 부가서비스가 뭐지?		
intent_부가서비스_추천_문의	저에게 추천할만한 부가서비스가 있을까요?		
intent_부가서비스_추천_문의	저에게 추천할만한 부가서비스가 있는지 궁금합니다		
intent_부가서비스_추천_문의	나한테 추천할만한 부가서비스가 뭐가 있는지 궁금해		
intent_부가서비스_추천_문의	추천할만한 부가서비스가 뭐가 있을까요?		
intent_부가서비스_추천_문의	부가서비스 추천할만한 것이 뭐가 있죠?		
intent_부가서비스_추천_문의	요즘 인기있는 부가서비스가 뭐야?		
intent_부가서비스_추천_문의	요즘 인기있는 부가서비스가 뭐가 있지?		
intent_부가서비스_추천_문의	인기 있는 부가서비스 보여줄래?		
intent_부가서비스_추천_문의	인기 있는 부가서비스 보여줄 수 있을까?		
intent_부가서비스_추천_문의	부가서비스 어떤게 인기 있나요?		
intent_부가서비스_추천_문의	가입할만한 부가서비스 추천해줘요		
intent_부가서비스_추천_문의	가입할만한 부가서비스 추천 부탁해요		
intent_부가서비스_추천_문의	부가서비스 가입할만한 거 있을까?		
intent_부가서비스_추천_문의	내가 가입할만한 부가서비스 뭐가 있을까?		
intent_부가서비스_추천_문의	내가 가입할만한 부가서비스가 어떤 것이 있지?		
intent_부가서비스_추천_문의	제가 가입할만한 부가서비스가 어떤 것이 있죠?		
intent_부가서비스_추천_문의	가입할만한 부가서비스 어떤 게 있는지 알려 주세요		
intent_부가서비스_추천_문의	부가서비스 가입할만한 게 어떤 것이 있는가요?		
intent_부가서비스_추천_문의	부가서비스 중에 추천할만한 게 있을까?		
intent_부가서비스_추천_문의	부가서비스 중에 추천할 거 있어?		
intent_부가서비스_추천_문의	부가서비스 중에 추천할 거 알려줘		
intent_부가서비스_추천_문의	부가서비스 중에 추천할 게 뭐 있어?		
intent_부가서비스_추천_문의	부가서비스 중에 나한테 맞는 거 추천해줘		
intent_부가서비스_추천_문의	부가서비스 중에 나한테 맞는 거 뭐가 있을까?		
intent_부가서비스_추천_문의	나한테 적합한 부가서비스 뭔지 알려줘		
intent_부가서비스_추천_문의	나에게 적합한 부가서비스 뭐가 있는지 보여줘		
intent_부가서비스_추천_문의	나한테 적합한 부가서비스 뭐 있지?		
intent_부가서비스_추천_문의	저에게 적합한 부가서비스 뭐가 있을까요?		
intent_부가서비스_추천_문의	부가서비스 중에 저한테 적합한 게 뭘까요?		
intent_부가서비스_추천_문의	어떤 부가서비스가 저에게 적합할까요?		
intent_부가서비스_추천_문의	어떤 부가서비스가 나한테 적합하지?		
intent_부가서비스_추천_문의	내가 쓰기 적절한 부가서비스 알려줘		
intent_부가서비스_추천_문의	제가 쓰기 적절한 부가서비스 어떤 건지 보여 주세요		
intent_부가서비스_추천_문의	제가 쓰기 적절한 부가서비스 어떤 게 있을까요?		
intent_부가서비스_추천_문의	추천 부가서비스 보기		
intent_부가서비스_추천_문의	추천 부가서비스 뭐 있어?		
intent_부가서비스_추천_문의	추천 부가서비스 있을까?		
intent_부가서비스_추천_문의	추천 부가서비스 보자		
intent_부가서비스_추천_문의	추천하는 부가서비스 알려줘		
intent_부가서비스_추천_문의	추천하는 부가서비스 알고 싶어		
intent_부가서비스_추천_문의	추천하는 부가서비스 볼게		
intent_부가서비스_추천_문의	추천하는 부가서비스 보고 싶어요		
intent_부가서비스_추천_문의	추천하는 부가서비스 보여줄 수 있을까요?		
intent_부가서비스_추천_문의	추천하는 부가서비스 뭐가 있을까?		
intent_부가서비스_추천_문의	추천하는 부가서비스 뭐 있는지 보여줘		
intent_부가서비스_추천_문의	내가 사용하기 좋은 부가서비스 뭐가 있지?		
intent_부가서비스_추천_문의	제가 사용하기 좋은 부가서비스 어떤 것이 있을까요?		
intent_부가서비스_추천_문의	제가 사용하기 좋은 부가서비스 뭔지 알려 주세요		
intent_부가서비스_추천_문의	사용할만한 부가서비스 뭐 있죠?		
intent_부가서비스_추천_문의	내가 사용할만한 부가서비스 뭐 있는지 보여줘		
intent_부가서비스_추천_문의	내가 사용할만한 부가서비스 뭘까?		
intent_부가서비스_추천_문의	내가 사용할만한 부가서비스 뭐 있지?		
intent_부가서비스_추천_문의	제가 사용할만한 부가서비스 뭐가 있을까요?		
intent_부가서비스_추천_문의	요즘 인기있는 부가서비스 보여줘		
intent_부가서비스_추천_문의	요즘 인기있는 부가서비스 뭐가 있어요?		
intent_부가서비스_추천_문의	인기있는 부가서비스 뭐야?		
intent_부가서비스_추천_문의	인기있는 부가서비스 뭐예요?		
intent_부가서비스_추천_문의	내가 쓰기 적절한 부가서비스 보여주라		
intent_부가서비스_추천_문의	내가 쓰기 적절한 부가서비스는?		
intent_부가서비스_추천_문의	나한테 적당한 부가서비스 보여줘		
intent_부가서비스_추천_문의	적당한 부가서비스 보여줄래?		
intent_부가서비스_추천_문의	나에게 적당한 부가서비스 알려줘		
intent_부가서비스_추천_문의	적당한 부가서비스 보여주면 좋겠어		
intent_부가서비스_추천_문의	내가 쓰기 적당한 부가서비스 좀 볼게		
intent_부가서비스_추천_문의	내가 쓰기 적당한 부가서비스 좀 보여줄래?		
intent_부가서비스_추천_문의	부가서비스 중에 내가 쓰기 적당한 거 있어?		
intent_부가서비스_추천_문의	부가서비스 어떤 게 내가 쓰기 적당할까?		
intent_부가서비스_추천_문의	나한테 최적인 부가서비스 뭐가 있을까?		
intent_부가서비스_추천_문의	최적의 부가서비스 알려줘요		
intent_부가서비스_추천_문의	저한테 최적인 부가서비스 뭐 있죠?		
intent_부가서비스_추천_문의	저에게 최적인 부가서비스 뭐 있는지 궁금해요		
intent_부가서비스_추천_문의	어떤 부가서비스가 나에게 최적일까?		
intent_부가서비스_추천_문의	나에게 최적인 부가서비스 알려줘		
intent_부가서비스_추천_문의	나에게 최적인 부가서비스 보기		
intent_부가서비스_추천_문의	최적 부가서비스 알아보기		
intent_부가서비스_추천_문의	최적 부가서비스 알아보려고 해		
intent_부가서비스_추천_문의	최적 부가서비스 추천해줘		
intent_부가서비스_추천_문의	부가서비스 어떤 게 최적일까요?		
intent_부가서비스_추천_문의	어떤 부가서비스가 제가 최적으로 사용할 수 있을까요?		
intent_부가서비스_추천_문의	어떤 부가서비스가 내가 최적으로 사용할 수 있지?		
intent_부가서비스_추천_문의	내가 최적으로 사용할 수 있는 부가서비스 보기		
intent_부가서비스_추천_문의	내가 최적으로 사용할 부가서비스 알려줘		
intent_부가서비스_추천_문의	최적으로 사용할 부가서비스 추천 좀		
intent_부가서비스_추천_문의	최적으로 사용할 부가서비스 추천 부탁해		
intent_부가서비스_추천_문의	부가서비스 어떤 게 최적으로 사용할 수 있는지 알고 싶어		
intent_부가서비스_추천_문의	내가 쓰는 기능에 적합한 부가서비스 어떤 거 있는지 보여줘		
intent_부가서비스_추천_문의	내가 쓰는 기능에 적합한 부가서비스 뭘까?		
intent_부가서비스_추천_문의	부가서비스 어떤 게 내가 쓰는 기능에 적합해?		
intent_부가서비스_추천_문의	어떤 부가서비스가 내가 쓰는 기능에 적합하지?		
intent_부가서비스_추천_문의	어떤 부가서비스에 가입해야 내가 잘 쓸까?		
intent_부가서비스_추천_문의	내가 잘 쓸만한 부가서비스 뭐 있을까?		
intent_부가서비스_추천_문의	내가 잘 쓸만한 부가서비스 신청하고 싶은데 추천해줘		
intent_부가서비스_추천_문의	내가 잘 쓸만한 부가서비스 추천 부탁해		
intent_부가서비스_추천_문의	어떤 부가서비스가 내가 잘 쓸 수 있을까?		
intent_부가서비스_추천_문의	어떤 부가서비스를 신청해야 내가 편할까?		
intent_부가서비스_추천_문의	내가 쓰기 좋은 부가서비스 어떤 게 있는지 보여줘		
intent_부가서비스_추천_문의	쓸만한 부가서비스 뭐 없나?		
intent_부가서비스_추천_문의	저한테 적합한 부가서비스 문의드려요		
intent_부가서비스_추천_문의	쓸 만한 부가서비스 알려주시길 부탁드립니다		
intent_부가서비스_추천_문의	나한테 맞는 부가서비스 추천 부탁해		
intent_부가서비스_추천_문의	유용한 부가서비스 추천 부탁해도 될까요?		
intent_부가서비스_추천_문의	괜찮은 부가서비스 추천 좀		
intent_부가서비스_추천_문의	부가서비스 변경하고 싶은데요.		
intent_부가서비스_추천_문의	부가서비스 바꿀꺼 뭐 없나요?		
intent_부가서비스_추천_문의	부가서비스 변경하려는데 추천 좀		
intent_부가서비스_추천_문의	부가서비스 변경하고 싶은데 추천할 거 있어?		
intent_부가서비스_추천_문의	부가서비스 바꿀 거 있을까?		
intent_부가서비스_추천_문의	부가서비스 바꿀만한 거 있어?		
intent_부가서비스_추천_문의	부가서비스 바꿀만한 거 추천해줘		
intent_부가서비스_추천_문의	부가서비스 바꿀만한 거 알려줘		
intent_부가서비스_추천_문의	부가서비스 바꿀 게 뭐가 있는지 알고 싶어		
intent_부가서비스_추천_문의	부가서비스 바꿀 건데 추천할만한 게 뭐 있죠?		
intent_부가서비스_추천_문의	나한테 더 맞는 부가서비스로 변경하고 싶어		
intent_부가서비스_추천_문의	부가서비스 바꿀 건데 나한테 더 맞는 거 추천해줘		
intent_부가서비스_추천_문의	부가서비스 변경하고 싶은데 나한테 더 맞는 게 있을까?		
intent_부가서비스_추천_문의	부가서비스 변경할 건데 나한테 더 괜찮은 게 있어?		
intent_부가서비스_추천_문의	나한테 더 괜찮은 부가서비스로 변경할래		
intent_부가서비스_추천_문의	나한테 더 괜찮은 부가서비스로 변경하고 싶어		
intent_부가서비스_추천_문의	나에게 더 잘 맞는 부가서비스로 바꿀래		
intent_부가서비스_추천_문의	부가서비스 나한테 더 잘 맞는 걸로 변경하고 싶어서		
intent_부가서비스_추천_문의	내가 바꿀만한 부가서비스 어떤 게 있어?		
intent_부가서비스_추천_문의	내가 바꿀만한 부가서비스 추천해줄 수 있을까?		
intent_부가서비스_추천_문의	내가 바꿀만한 부가서비스 어떤 게 있는지 알고 싶어		
intent_부가서비스_추천_문의	내가 바꿀만한 부가서비스 어떤 게 있지?		
intent_부가서비스_추천_문의	변경할만한 부가서비스 어떤 거 있는지 알고 싶어요		
intent_부가서비스_추천_문의	변경할만한 부가서비스 추천해줘		
intent_부가서비스_추천_문의	부가서비스 바꿀만한 게 있을까요?		
intent_부가서비스_추천_문의	바꿀만한 부가서비스 추천 좀 부탁해		
intent_부가서비스_추천_문의	바꿀만한 부가서비스 뭐 있는지 알려줘		
intent_부가서비스_추천_문의	바꿀만한 부가서비스 뭐가 있는지요?		
intent_부가서비스_추천_문의	바꿀만한 부가서비스 어떤 게 있는지 궁금해요		
intent_부가서비스_추천_문의	어떤 부가서비스로 변경할까요?		
intent_부가서비스_추천_문의	부가서비스 뭐로 변경하지?		
intent_부가서비스_추천_문의	부가서비스 뭐로 변경하는게 좋을까?		
intent_부가서비스_추천_문의	부가서비스 뭐로 바꾸는 게 좋을까?		
intent_부가서비스_추천_문의	부가서비스 뭐로 변경하는 게 좋을지 알려줘		
intent_부가서비스_추천_문의	변경하면 좋을 부가서비스 보여주라		
intent_부가서비스_추천_문의	내 핸드폰 부가서비스 뭐로 변경하는 게 좋을까?	핸드폰	Mobile
intent_부가서비스_추천_문의	내 핸드폰 부가서비스 뭐로 변경하면 좋을지 궁금해	핸드폰	Mobile
intent_부가서비스_추천_문의	내 핸드폰 부가서비스 바꿀게 뭐가 있을까?	핸드폰	Mobile
intent_부가서비스_추천_문의	핸드폰 부가서비스 뭐로 변경하면 좋을지 알려 주세요	핸드폰	Mobile
intent_부가서비스_추천_문의	핸드폰 부가서비스 변경하기 좋은 거 있을까요?	핸드폰	Mobile
intent_부가서비스_추천_문의	변경할만한 핸드폰 부가서비스 추천 좀	핸드폰	Mobile
intent_부가서비스_추천_문의	변경할만한 핸드폰 부가서비스 추천 부탁해	핸드폰	Mobile
intent_부가서비스_추천_문의	변경할만한 핸드폰 부가서비스 추천해줘	핸드폰	Mobile
intent_부가서비스_추천_문의	변경할만한 핸드폰 부가서비스 어떤 게 있어?	핸드폰	Mobile
intent_부가서비스_추천_문의	변경할만한 핸드폰 부가서비스 어떤 거 있는지 궁금해	핸드폰	Mobile
intent_부가서비스_추천_문의	변경할만한 핸드폰 부가서비스 소개해줘	핸드폰	Mobile
intent_부가서비스_추천_문의	변경할만한 핸드폰 부가서비스 소개시켜줘	핸드폰	Mobile
intent_부가서비스_추천_문의	변경할만한 핸드폰 부가서비스 뭐가 있을까요?	핸드폰	Mobile
intent_부가서비스_추천_문의	변경할만한 핸드폰 부가서비스 뭐 있지?	핸드폰	Mobile
intent_부가서비스_추천_문의	변경할만한 핸드폰 부가서비스 보여줘요	핸드폰	Mobile
intent_부가서비스_추천_문의	핸드폰 부가서비스 변경할만한 거 보여줘	핸드폰	Mobile
intent_부가서비스_추천_문의	핸드폰 부가서비스 바꿀만한 거 보여줄래?	핸드폰	Mobile
intent_부가서비스_추천_문의	핸드폰 부가서비스 변경하기 좋은 거 추천 부탁드립니다	핸드폰	Mobile
intent_부가서비스_추천_문의	핸드폰 부가서비스 바꾸게 추천해 주세요	핸드폰	Mobile
intent_부가서비스_추천_문의	핸드폰 부가서비스 바꾸려고 하는데 다른 추천할 거 있어요?	핸드폰	Mobile
intent_부가서비스_추천_문의	다른 핸드폰 부가서비스 추천해줄래요?	핸드폰	Mobile
intent_부가서비스_추천_문의	다른 핸드폰 부가서비스 추천 부탁해요	핸드폰	Mobile
intent_부가서비스_추천_문의	폰 부가서비스 다른 걸로 쓰고 싶은데요	폰	Mobile
intent_부가서비스_추천_문의	폰 부가서비스 다른 걸로 사용하려고 하는데	폰	Mobile
intent_부가서비스_추천_문의	폰 부가서비스 다른 걸로 쓰고 싶어	폰	Mobile
intent_부가서비스_추천_문의	다른 폰 부가서비스 쓸만한 게 있을까?	폰	Mobile
intent_부가서비스_추천_문의	다른 폰 부가서비스 추천 좀 해주라	폰	Mobile
intent_부가서비스_추천_문의	다른 폰 부가서비스 추천 부탁해	폰	Mobile
intent_부가서비스_추천_문의	폰 부가서비스 중에 내가 안 써본 걸로 변경할래	폰	Mobile
intent_부가서비스_추천_문의	폰 부가서비스 바꾸고 싶은데 다른 거 없을까?	폰	Mobile
intent_부가서비스_추천_문의	폰 부가서비스 바꾸고 싶은데 뭐 추천할 거 있어?	폰	Mobile
intent_부가서비스_추천_문의	폰 부가서비스 바꾸려고 하는데 추천할만한 거 뭐 없니?	폰	Mobile
intent_부가서비스_추천_문의	폰 부가서비스 바꾸고 싶은데 추천 받을래	폰	Mobile
intent_부가서비스_추천_문의	폰 부가서비스 바꾸는 거 추천해줘	폰	Mobile
intent_부가서비스_추천_문의	부가서비스 변경 추천 부탁해요		
intent_부가서비스_추천_문의	부가서비스 변경 추천 좀		
intent_부가서비스_추천_문의	부가서비스 변경 추천해줘		
intent_부가서비스_추천_문의	부가서비스 변경 추천해주라		
intent_부가서비스_추천_문의	부가서비스 변경 추천 가능할까?		
intent_부가서비스_추천_문의	부가서비스 변경 추천 부탁드립니다		
intent_부가서비스_추천_문의	부가서비스 변경 추천해줄 수 있어?		
intent_부가서비스_추천_문의	부가서비스 변경 추천 가능?		
intent_부가서비스_추천_문의	부가서비스 변경 추천받고 싶어요		
intent_부가서비스_추천_문의	부가서비스 변경 추천 받을래요		
intent_부가서비스_추천_문의	부가서비스 변경 추천 받아도 될까요?		
intent_부가서비스_추천_문의	부가서비스 변경 추천 받습니다		
intent_부가서비스_추천_문의	부가서비스 변경할만한 거 추천 부탁해		
intent_부가서비스_추천_문의	부가서비스 변경할래		
intent_부가서비스_추천_문의	부가서비스 변경해도 될까?		
intent_부가서비스_추천_문의	부가서비스 변경 가능한 거야?		
intent_부가서비스_추천_문의	부가서비스 변경 좀 하자		
intent_부가서비스_추천_문의	부가서비스 변경 가능해?		
intent_부가서비스_추천_문의	부가서비스 변경하고 싶어		
intent_부가서비스_추천_문의	부가서비스 변경하고 싶습니다		
intent_부가서비스_추천_문의	부가서비스 변경을 도와 주세요		
intent_부가서비스_추천_문의	부가서비스 변경하게 해 주세요		
intent_부가서비스_추천_문의	부가서비스 변경할게요		
intent_부가서비스_추천_문의	부가서비스 변경 가능할지요?		
intent_부가서비스_추천_문의	부가서비스 바꾸고 싶은데		
intent_부가서비스_추천_문의	부가서비스 바꾸고 싶어서요		
intent_부가서비스_추천_문의	부가서비스 바꾸는 걸 도와 주세요		
intent_부가서비스_추천_문의	부가서비스 바꾸게 해 주세요		
intent_부가서비스_추천_문의	부가서비스 바꿀래		
intent_부가서비스_추천_문의	부가서비스 바꾸게 해줘		
intent_부가서비스_추천_문의	부가서비스 어떤 걸로 변경하지?		
intent_부가서비스_추천_문의	부가서비스 어떤 걸로 변경하는 게 좋을까		
intent_부가서비스_추천_문의	부가서비스 어떤 걸로 변경하면 좋지?		
intent_부가서비스_추천_문의	부가서비스 어떤 걸로 변경하면 될까요?		
intent_부가서비스_추천_문의	부가서비스 어떤 걸로 변경하면 좋을지 알려 주세요		
intent_부가서비스_추천_문의	부가서비스 어떤 걸로 변경하는게 저에게 맞을까요?		
intent_부가서비스_추천_문의	부가서비스 어떤 걸로 변경하는게 저한테 좋을까요?		
intent_부가서비스_추천_문의	부가서비스 어떤 걸로 변경하는게 좋을지 궁금해요		
intent_부가서비스_추천_문의	부가서비스 어떤 걸로 바꾸는 게 좋을지 궁금해		
intent_부가서비스_추천_문의	부가서비스 어떤 걸로 바꾸면 괜찮은지 알려줘		
intent_부가서비스_추천_문의	부가서비스 어떤 걸로 바꾸면 괜찮을까?		
intent_부가서비스_추천_문의	부가서비스 어떤 걸로 바꾸면 괜찮은지 궁금해서요		
intent_부가서비스_추천_문의	부가서비스 어떤 걸로 바꾸는 게 괜찮을지 모르겠네		
intent_부가서비스_추천_문의	어떤 부가서비스로 바꾸는 게 괜찮을까?		
intent_부가서비스_추천_문의	어떤 부가서비스로 바꾸면 좋을까?		
intent_부가서비스_추천_문의	어떤 부가서비스로 바꾸는 게 괜찮은지 모르겠어		
intent_부가서비스_추천_문의	어떤 부가서비스로 바꾸는 게 좋은지 알고 싶어요		
intent_부가서비스_추천_문의	어떤 부가서비스로 바꾸는 게 저에게 잘 맞을까요?		
intent_부가서비스_추천_문의	어떤 부가서비스로 바꾸는 게 내가 잘 사용할 수 있을까?		
intent_부가서비스_추천_문의	내가 잘 사용할만한 부가서비스로 변경할래		
intent_부가서비스_추천_문의	내가 잘 쓸만한 부가서비스로 변경하고 싶어서		
intent_부가서비스_추천_문의	내가 잘 쓸 부가서비스로 변경하는 걸 추천해줘		
intent_부가서비스_추천_문의	내가 잘 사용할 수 있는 부가서비스로 바꿀게		
intent_부가서비스_추천_문의	나에게 효율적인 부가서비스로 바꾸고 싶은데		
intent_부가서비스_추천_문의	저에게 효율적인 부가서비스로 바꾸는 걸 도와 주세요		
intent_부가서비스_추천_문의	저에게 효율적인 부가서비스로 바꾸게 추천해 주세요		
intent_부가서비스_추천_문의	나에게 효율적인 부가서비스로 변경하는 걸 도와줘		
intent_부가서비스_추천_문의	나에게 효율적인 부가서비스로 변경하게 해줘		
intent_부가서비스_추천_문의	나에게 효율적인 부가서비스 변경을 추천해줘요		
intent_부가서비스_추천_문의	부가서비스 나에게 더 효율적이도록 변경할래		
intent_부가서비스_추천_문의	부가서비스 저에게 더 효율적이도록 변경하고 싶어요		
intent_부가서비스_추천_문의	부가서비스 저한테 더 효율적이도록 변경 원합니다		
intent_부가서비스_추천_문의	부가서비스 저한테 더 효율적이게 변경해도 될까요?		
intent_부가서비스_추천_문의	부가서비스 저한테 더 효율적이도록 변경 도와 주세요		
intent_부가서비스_추천_문의	나에게 효율적인 부가서비스로 변경할 수 있게 해줘		
intent_부가서비스_추천_문의	부가서비스 뭐로 바꾸면 좋을까?		
intent_부가서비스_추천_문의	무슨 부가서비스로 바꾸는 게 좋을까?		
intent_부가서비스_추천_문의	부가서비스 뭐로 바꾸면 좋을지 알려줘		
intent_부가서비스_추천_문의	부가서비스 뭐로 바꾸면 좋을지 궁금해		
intent_부가서비스_추천_문의	무슨 부가서비스로 바꾸는 것이 좋을지 알려줘요		
intent_부가서비스_추천_문의	부가서비스 뭐로 바꾸면 좋을지 추천해줘		
intent_부가서비스_추천_문의	부가서비스 뭐로 바꾸면 좋을지 알고 싶은데요		
intent_부가서비스_추천_문의	부가서비스 변경 예정인데 추천 좀요		
intent_부가서비스_추천_문의	부가서비스 변경 예정인데 뭐로 바꾸면 좋을까요?		
intent_부가서비스_추천_문의	부가서비스 변경 예정인데 뭐가 좋죠?		
intent_부가서비스_추천_문의	부가서비스 변경 예정인데 뭐가 좋은지 알려 주세요		
intent_부가서비스_추천_문의	부가서비스 변경 예정인데 뭐가 있을까요?		
intent_부가서비스_추천_문의	부가서비스 변경 예정인데 나한테 뭐가 더 잘 맞을까?		
intent_부가서비스_추천_문의	부가서비스 중에 내가 변경할만한 게 있을까?		
intent_부가서비스_추천_문의	부가서비스 중에 내가 더 잘 쓸 수 있는 걸로 변경할래		
intent_부가서비스_추천_문의	부가서비스 중에 내가 더 잘 사용할 수 있는 걸로 추천해줘		
intent_부가서비스_추천_문의	다른 부가서비스 중에 나한테 더 적합한 걸로 바꾸고 싶어		
intent_부가서비스_추천_문의	다른 부가서비스 중에 나한테 더 적합한 걸로 바꾸려고 하는데		
intent_부가서비스_추천_문의	다른 부가서비스 중에 나한테 더 적합한 걸로 변경 가능해?		
intent_부가서비스_추천_문의	다른 부가서비스 중에 나한테 더 적합한 걸로 추천해주면 바꿀래		
intent_부가서비스_추천_문의	다른 부가서비스 중에 바꿀만한 거 있을까?		
intent_부가서비스_추천_문의	다른 부가서비스 중에 바꾸면 좋을 거 있을까요?		
intent_부가서비스_추천_문의	다른 부가서비스 중에 변경할만한 거 있어?		
intent_부가서비스_추천_문의	다른 부가서비스 중에 변경할만한 거 있는지 궁금해		
intent_부가서비스_추천_문의	다른 부가서비스 중에 내가 쓸만한 거 알려줘		
intent_부가서비스_추천_문의	다른 부가서비스 중에 내가 사용할만한 거 추천해줘		
intent_부가서비스_추천_문의	다른 부가서비스 중에 내가 더 잘 쓸 거 알려줘		
intent_부가서비스_추천_문의	부가서비스 다른 거 추천 좀		
intent_부가서비스_추천_문의	부가서비스 다른 거 추천해줘		
intent_부가서비스_추천_문의	부가서비스 다른 거 추천 부탁해		
intent_부가서비스_추천_문의	부가서비스 다른 거 추천 가능할까?		
intent_부가서비스_추천_문의	부가서비스 다른 거 추천하면 그걸로 바꿀래		
intent_부가서비스_추천_문의	부가서비스 다른 거 추천해줬으면 해		
intent_부가서비스_추천_문의	부가서비스 다른 거 추천해주시길 부탁드립니다		
intent_부가서비스_추천_문의	부가서비스 다른 거 추천 가능한 거죠?		
intent_부가서비스_추천_문의	부가서비스 다른 거 추천해 주시면 그걸로 변경해도 될까요?		
intent_부가서비스_추천_문의	부가서비스 다른 거 추천해 주시면 그걸로 변경하고 싶어요		
intent_부가서비스_추천_문의	부가서비스를 좀 바꾸고 싶은데 뭐가 좋을까		
intent_부가서비스_추천_문의	부가서비스 바꿀까 하는데 괜찮은 거 추천 좀		
intent_부가서비스_추천_문의	부가서비스를 바꾸고 싶은데 저한테 맞는 걸로 추천 좀 해줘요		
intent_부가서비스_추천_문의	나한테 맞는 부가서비스로 바꾸고 싶어		
intent_부가서비스_추천_문의	부가서비스 뭘로 바꿀지 모르겠어		
intent_부가서비스_추천_문의	부가서비스 좀 변경할게		